amino.acid	f1	f2	f3	f4	f5
A	0.729264922	0.434111834	0.351744489	0.683858208	0.482220703
C	0.607328415	0.272045012	0.748552318	0.667510690	0.806296255
D	0.523164764	0.780983640	0.972709017	0.542730782	0.647556494
E	0.201285148	0.549929505	0.520619239	0.039832934	0.482931561
F	0.262903704	0.242164524	0.359177004	0.911108311	0.353186602
G	0.299445449	0.999428178	0.895510202	0.698251529	0.005612648
H	0.865596911	0.829527034	0.926566851	0.337603317	0.248945292
I	0.481352583	0.256257038	0.496751009	0.261164294	0.338611301
K	0.216568769	0.505898264	0.587899771	0.836098315	0.481233946
L	0.374115758	0.462641630	0.976480873	0.851597682	0.283342860
M	0.545445615	0.014469431	0.680539988	0.907147654	0.795347917
N	0.497445067	0.798899070	0.745747693	0.758188494	0.129772557
P	0.811825796	0.325563847	0.149707788	0.057415051	0.500411999
Q	0.957086434	0.182411737	0.780292956	0.578235865	0.575064847
R	0.637932947	0.968856079	0.423705910	0.369975243	0.918651208
S	0.648996539	0.950471844	0.184289585	0.866718205	0.715431725
T	0.717495882	0.180233700	0.414109183	0.778402628	0.812357440
V	0.750862144	0.057932106	0.566482928	0.687009899	0.936667911
W	0.493745744	0.746756854	0.405450304	0.944213956	0.490686112
Y	0.085437602	0.643978606	0.316445134	0.446831913	0.279127609
