experiment_id,method_id,method_label,chain,seed_id,seed_value,seed_group,split,n,auc_no_gate,balanced_accuracy,sensitivity,specificity,auc_hard_030,auc_delta_no_gate_minus_hard_030
experiment_04_alice_model_no_hard_gate,no_gate_l1_linear,No gate + L1 + Linear,alpha,S01,777,lucky,internal_oof,169,0.7906182044113079,0.7288754271512892,0.6379310344827587,0.8198198198198198,0.7157502329916124,0.07486797141969548
experiment_04_alice_model_no_hard_gate,no_gate_l1_linear,No gate + L1 + Linear,alpha,S02,2232016200,lucky,internal_oof,169,0.784094439266853,0.70712954333644,0.603448275862069,0.8108108108108109,0.7233612923268096,0.06073314694004339
experiment_04_alice_model_no_hard_gate,no_gate_l1_linear,No gate + L1 + Linear,alpha,S10,8365301900047924020,lucky,internal_oof,169,0.7755514134824479,0.7030133581857719,0.5862068965517241,0.8198198198198198,0.726157191674433,0.04939422180801489
experiment_04_alice_model_no_hard_gate,no_gate_l1_linear,No gate + L1 + Linear,alpha,S04,6902826956892357559,moderate,internal_oof,169,0.7752407579993786,0.7116340478409444,0.603448275862069,0.8198198198198198,0.7202547374961168,0.054986020503261845
experiment_04_alice_model_no_hard_gate,no_gate_l1_linear,No gate + L1 + Linear,alpha,S05,2712386035810402826,moderate,internal_oof,169,0.7632805219012115,0.7030133581857719,0.5862068965517241,0.8198198198198198,0.7211867039453247,0.04209381795588685
experiment_04_alice_model_no_hard_gate,no_gate_l1_linear,No gate + L1 + Linear,alpha,S11,2817756917657900866,moderate,internal_oof,169,0.7684063373718546,0.6985088536812675,0.5862068965517241,0.8108108108108109,0.7174588381484933,0.05094749922336128
experiment_04_alice_model_no_hard_gate,no_gate_l1_linear,No gate + L1 + Linear,alpha,S07,11327508419378867602,ordinary,internal_oof,169,0.7769493631562597,0.6940043491767629,0.5862068965517241,0.8018018018018018,0.7218080149114631,0.05514134824479666
experiment_04_alice_model_no_hard_gate,no_gate_l1_linear,No gate + L1 + Linear,alpha,S08,10762549616907469203,ordinary,internal_oof,169,0.7673190431811121,0.6940043491767629,0.5862068965517241,0.8018018018018018,0.7166821994408201,0.05063684374029198
experiment_04_alice_model_no_hard_gate,no_gate_l1_linear,No gate + L1 + Linear,alpha,S12,10694063091131643398,ordinary,internal_oof,169,0.7732214973594285,0.70712954333644,0.603448275862069,0.8108108108108109,0.723205964585275,0.05001553277415349
experiment_04_alice_model_no_hard_gate,no_gate_l1_linear,No gate + L1 + Linear,alpha,S13,4496119368746308026,ordinary,internal_oof,169,0.7541161851506679,0.6985088536812675,0.5862068965517241,0.8108108108108109,0.7242932587760174,0.02982292637465056
experiment_04_alice_model_no_hard_gate,no_gate_l1_mlp,No gate + L1 + MLP,alpha,S01,777,lucky,internal_oof,169,0.8454488971730352,0.7899968934451693,0.7241379310344828,0.8558558558558559,0.7494563529046289,0.09599254426840631
experiment_04_alice_model_no_hard_gate,no_gate_l1_mlp,No gate + L1 + MLP,alpha,S02,2232016200,lucky,internal_oof,169,0.8443616029822927,0.7817645231438335,0.6896551724137931,0.8738738738738738,0.7522522522522522,0.09210935073004045
experiment_04_alice_model_no_hard_gate,no_gate_l1_mlp,No gate + L1 + MLP,alpha,S10,8365301900047924020,lucky,internal_oof,169,0.846380863622243,0.7903852127990059,0.7068965517241379,0.8738738738738738,0.748058403230817,0.098322460391426
experiment_04_alice_model_no_hard_gate,no_gate_l1_mlp,No gate + L1 + MLP,alpha,S04,6902826956892357559,moderate,internal_oof,169,0.8434296365330848,0.781376203789997,0.7068965517241379,0.8558558558558559,0.7454178316247282,0.09801180490835659
experiment_04_alice_model_no_hard_gate,no_gate_l1_mlp,No gate + L1 + MLP,alpha,S05,2712386035810402826,moderate,internal_oof,169,0.8454488971730352,0.7903852127990059,0.7068965517241379,0.8738738738738738,0.7443305374339857,0.10111835973904948
experiment_04_alice_model_no_hard_gate,no_gate_l1_mlp,No gate + L1 + MLP,alpha,S11,2817756917657900866,moderate,internal_oof,169,0.8459148803976391,0.7858807082945014,0.7068965517241379,0.8648648648648649,0.748524386455421,0.0973904939422181
experiment_04_alice_model_no_hard_gate,no_gate_l1_mlp,No gate + L1 + MLP,alpha,S07,11327508419378867602,ordinary,internal_oof,169,0.8445169307238272,0.781376203789997,0.7068965517241379,0.8558558558558559,0.7516309412861136,0.09288598943771353
experiment_04_alice_model_no_hard_gate,no_gate_l1_mlp,No gate + L1 + MLP,alpha,S08,10762549616907469203,ordinary,internal_oof,169,0.8462255358807083,0.7776483379931656,0.6724137931034483,0.8828828828828829,0.7489903696800247,0.09723516620068351
experiment_04_alice_model_no_hard_gate,no_gate_l1_mlp,No gate + L1 + MLP,alpha,S12,10694063091131643398,ordinary,internal_oof,169,0.8452935694315005,0.7858807082945014,0.7068965517241379,0.8648648648648649,0.7477477477477478,0.0975458216837527
experiment_04_alice_model_no_hard_gate,no_gate_l1_mlp,No gate + L1 + MLP,alpha,S13,4496119368746308026,ordinary,internal_oof,169,0.8451382416899658,0.7731438334886611,0.6724137931034483,0.8738738738738738,0.7516309412861136,0.09350730040385213
experiment_04_alice_model_no_hard_gate,no_gate_l2_linear,No gate + L2 + Linear,alpha,S01,777,lucky,internal_oof,169,0.8679714196955575,0.7686393289841567,0.6724137931034483,0.8648648648648649,0.795278036657347,0.07269338303821049
experiment_04_alice_model_no_hard_gate,no_gate_l2_linear,No gate + L2 + Linear,alpha,S02,2232016200,lucky,internal_oof,169,0.8634669151910531,0.7686393289841567,0.6724137931034483,0.8648648648648649,0.793569431500466,0.06989748369058713
experiment_04_alice_model_no_hard_gate,no_gate_l2_linear,No gate + L2 + Linear,alpha,S10,8365301900047924020,lucky,internal_oof,169,0.8698353525939733,0.7731438334886611,0.6724137931034483,0.8738738738738738,0.7977632805219012,0.07207207207207211
experiment_04_alice_model_no_hard_gate,no_gate_l2_linear,No gate + L2 + Linear,alpha,S04,6902826956892357559,moderate,internal_oof,169,0.8687480584032309,0.7551258154706431,0.6724137931034483,0.8378378378378378,0.7965206585896242,0.07222739981360671
experiment_04_alice_model_no_hard_gate,no_gate_l2_linear,No gate + L2 + Linear,alpha,S05,2712386035810402826,moderate,internal_oof,169,0.8670394532463498,0.7727555141348246,0.6896551724137931,0.8558558558558559,0.8044423734078906,0.06259707983845919
experiment_04_alice_model_no_hard_gate,no_gate_l2_linear,No gate + L2 + Linear,alpha,S11,2817756917657900866,moderate,internal_oof,169,0.8586517552034792,0.7731438334886611,0.6724137931034483,0.8738738738738738,0.7878223050636843,0.07082945013979491
experiment_04_alice_model_no_hard_gate,no_gate_l2_linear,No gate + L2 + Linear,alpha,S07,11327508419378867602,ordinary,internal_oof,169,0.8605156881018949,0.7382727555141348,0.6206896551724138,0.8558558558558559,0.7865796831314072,0.07393600497048769
experiment_04_alice_model_no_hard_gate,no_gate_l2_linear,No gate + L2 + Linear,alpha,S08,10762549616907469203,ordinary,internal_oof,169,0.8527493010251631,0.786269027648338,0.6896551724137931,0.8828828828828829,0.7881329605467536,0.06461634047840947
experiment_04_alice_model_no_hard_gate,no_gate_l2_linear,No gate + L2 + Linear,alpha,S12,10694063091131643398,ordinary,internal_oof,169,0.8589624106865485,0.7604069586828208,0.6379310344827587,0.8828828828828829,0.7848710779745263,0.07409133271202228
experiment_04_alice_model_no_hard_gate,no_gate_l2_linear,No gate + L2 + Linear,alpha,S13,4496119368746308026,ordinary,internal_oof,169,0.8630009319664491,0.7559024541783163,0.6379310344827587,0.8738738738738738,0.795278036657347,0.06772289530910214
experiment_04_alice_model_no_hard_gate,no_gate_l2_mlp,No gate + L2 + MLP,alpha,S01,777,lucky,internal_oof,169,0.8654861758310034,0.7768716992854924,0.7068965517241379,0.8468468468468469,0.7444858651755203,0.12100031065548311
experiment_04_alice_model_no_hard_gate,no_gate_l2_mlp,No gate + L2 + MLP,alpha,S02,2232016200,lucky,internal_oof,169,0.8645542093817956,0.781376203789997,0.7068965517241379,0.8558558558558559,0.7684063373718546,0.09614787200994102
experiment_04_alice_model_no_hard_gate,no_gate_l2_mlp,No gate + L2 + MLP,alpha,S10,8365301900047924020,lucky,internal_oof,169,0.8681267474370923,0.781376203789997,0.7068965517241379,0.8558558558558559,0.7556694625660143,0.11245728487107798
experiment_04_alice_model_no_hard_gate,no_gate_l2_mlp,No gate + L2 + MLP,alpha,S04,6902826956892357559,moderate,internal_oof,169,0.870767319043181,0.777260018639329,0.6896551724137931,0.8648648648648649,0.7755514134824479,0.09521590556073312
experiment_04_alice_model_no_hard_gate,no_gate_l2_mlp,No gate + L2 + MLP,alpha,S05,2712386035810402826,moderate,internal_oof,169,0.872941907424666,0.7899968934451693,0.7241379310344828,0.8558558558558559,0.775085430257844,0.097856477166822
experiment_04_alice_model_no_hard_gate,no_gate_l2_mlp,No gate + L2 + MLP,alpha,S11,2817756917657900866,moderate,internal_oof,169,0.8695246971109041,0.7809878844361603,0.7241379310344828,0.8378378378378378,0.7651444547996272,0.10438024231127685
experiment_04_alice_model_no_hard_gate,no_gate_l2_mlp,No gate + L2 + MLP,alpha,S07,11327508419378867602,ordinary,internal_oof,169,0.8597390493942219,0.7641348244796521,0.6724137931034483,0.8558558558558559,0.7696489593041317,0.09009009009009017
experiment_04_alice_model_no_hard_gate,no_gate_l2_mlp,No gate + L2 + MLP,alpha,S08,10762549616907469203,ordinary,internal_oof,169,0.8557005281143212,0.7896085740913328,0.7413793103448276,0.8378378378378378,0.7662317489903697,0.08946877912395146
experiment_04_alice_model_no_hard_gate,no_gate_l2_mlp,No gate + L2 + MLP,alpha,S12,10694063091131643398,ordinary,internal_oof,169,0.8707673190431809,0.7858807082945014,0.7068965517241379,0.8648648648648649,0.7722895309102206,0.09847778813296038
experiment_04_alice_model_no_hard_gate,no_gate_l2_mlp,No gate + L2 + MLP,alpha,S13,4496119368746308026,ordinary,internal_oof,169,0.8494874184529357,0.7584653619136378,0.7241379310344828,0.7927927927927928,0.7416899658278969,0.10779745262503881
experiment_04_alice_model_no_hard_gate,no_gate_l1_linear,No gate + L1 + Linear,beta,S01,777,lucky,internal_oof,169,0.7360981671326499,0.6830537433985711,0.6724137931034483,0.6936936936936937,0.6533861447654551,0.08271202236719477
experiment_04_alice_model_no_hard_gate,no_gate_l1_linear,No gate + L1 + Linear,beta,S02,2232016200,lucky,internal_oof,169,0.7449518484001242,0.6703168685927308,0.6379310344827587,0.7027027027027027,0.6453091022056541,0.09964274619447011
experiment_04_alice_model_no_hard_gate,no_gate_l1_linear,No gate + L1 + Linear,beta,S10,8365301900047924020,lucky,internal_oof,169,0.7347002174588382,0.69206275240758,0.6724137931034483,0.7117117117117117,0.6470177073625349,0.08768251009630323
experiment_04_alice_model_no_hard_gate,no_gate_l1_linear,No gate + L1 + Linear,beta,S04,6902826956892357559,moderate,internal_oof,169,0.7455731593662628,0.6744330537433986,0.6551724137931034,0.6936936936936937,0.6557160608884747,0.08985709847778811
experiment_04_alice_model_no_hard_gate,no_gate_l1_linear,No gate + L1 + Linear,beta,S05,2712386035810402826,moderate,internal_oof,169,0.7447965206585896,0.6924510717614165,0.6551724137931034,0.7297297297297297,0.6515222118670394,0.09327430879155019
experiment_04_alice_model_no_hard_gate,no_gate_l1_linear,No gate + L1 + Linear,beta,S11,2817756917657900866,moderate,internal_oof,169,0.7379621000310655,0.6875582479030755,0.6724137931034483,0.7027027027027027,0.6417365641503572,0.09622553588070837
experiment_04_alice_model_no_hard_gate,no_gate_l1_linear,No gate + L1 + Linear,beta,S07,11327508419378867602,ordinary,internal_oof,169,0.7331469400434917,0.6830537433985711,0.6724137931034483,0.6936936936936937,0.6428238583410997,0.090323081702392
experiment_04_alice_model_no_hard_gate,no_gate_l1_linear,No gate + L1 + Linear,beta,S08,10762549616907469203,ordinary,internal_oof,169,0.7440198819509164,0.69206275240758,0.6724137931034483,0.7117117117117117,0.6510562286424355,0.09296365330848089
experiment_04_alice_model_no_hard_gate,no_gate_l1_linear,No gate + L1 + Linear,beta,S12,10694063091131643398,ordinary,internal_oof,169,0.7371854613233924,0.6744330537433986,0.6551724137931034,0.6936936936936937,0.6445324634979808,0.09265299782541159
experiment_04_alice_model_no_hard_gate,no_gate_l1_linear,No gate + L1 + Linear,beta,S13,4496119368746308026,ordinary,internal_oof,169,0.7433985709847779,0.6879465672569121,0.6551724137931034,0.7207207207207207,0.6521435228331781,0.0912550481515998
experiment_04_alice_model_no_hard_gate,no_gate_l1_mlp,No gate + L1 + MLP,beta,S01,777,lucky,internal_oof,169,0.7280211245728487,0.7014600807704257,0.6551724137931034,0.7477477477477478,0.6378533706119913,0.09016775396085741
experiment_04_alice_model_no_hard_gate,no_gate_l1_mlp,No gate + L1 + MLP,beta,S02,2232016200,lucky,internal_oof,169,0.7260018639328985,0.7014600807704257,0.6551724137931034,0.7477477477477478,0.6363000931966449,0.08970177073625352
experiment_04_alice_model_no_hard_gate,no_gate_l1_mlp,No gate + L1 + MLP,beta,S10,8365301900047924020,lucky,internal_oof,169,0.7258465361913637,0.7014600807704257,0.6551724137931034,0.7477477477477478,0.6406492699596147,0.08519726623174906
experiment_04_alice_model_no_hard_gate,no_gate_l1_mlp,No gate + L1 + MLP,beta,S04,6902826956892357559,moderate,internal_oof,169,0.7287977632805219,0.6928393911152533,0.6379310344827587,0.7477477477477478,0.6390959925442684,0.08970177073625352
experiment_04_alice_model_no_hard_gate,no_gate_l1_mlp,No gate + L1 + MLP,beta,S05,2712386035810402826,moderate,internal_oof,169,0.7283317800559179,0.7014600807704257,0.6551724137931034,0.7477477477477478,0.6387853370611991,0.08954644299471881
experiment_04_alice_model_no_hard_gate,no_gate_l1_mlp,No gate + L1 + MLP,beta,S11,2817756917657900866,moderate,internal_oof,169,0.726623174899037,0.6842187014600808,0.6206896551724138,0.7477477477477478,0.6387853370611991,0.08783783783783794
experiment_04_alice_model_no_hard_gate,no_gate_l1_mlp,No gate + L1 + MLP,beta,S07,11327508419378867602,ordinary,internal_oof,169,0.730040385212799,0.7014600807704257,0.6551724137931034,0.7477477477477478,0.6386300093196646,0.09141037589313439
experiment_04_alice_model_no_hard_gate,no_gate_l1_mlp,No gate + L1 + MLP,beta,S08,10762549616907469203,ordinary,internal_oof,169,0.7280211245728487,0.6928393911152533,0.6379310344827587,0.7477477477477478,0.6369214041627834,0.09109972041006531
experiment_04_alice_model_no_hard_gate,no_gate_l1_mlp,No gate + L1 + MLP,beta,S12,10694063091131643398,ordinary,internal_oof,169,0.7287977632805218,0.6928393911152533,0.6379310344827587,0.7477477477477478,0.6423578751164958,0.08643988816402604
experiment_04_alice_model_no_hard_gate,no_gate_l1_mlp,No gate + L1 + MLP,beta,S13,4496119368746308026,ordinary,internal_oof,169,0.7280211245728487,0.6928393911152533,0.6379310344827587,0.7477477477477478,0.638008698353526,0.0900124262193227
experiment_04_alice_model_no_hard_gate,no_gate_l2_linear,No gate + L2 + Linear,beta,S01,777,lucky,internal_oof,169,0.7466604535570054,0.6834420627524076,0.6551724137931034,0.7117117117117117,0.6695402298850575,0.07712022367194793
experiment_04_alice_model_no_hard_gate,no_gate_l2_linear,No gate + L2 + Linear,beta,S02,2232016200,lucky,internal_oof,169,0.7430879155017085,0.6748213730972352,0.6379310344827587,0.7117117117117117,0.6679869524697111,0.07510096303199743
experiment_04_alice_model_no_hard_gate,no_gate_l2_linear,No gate + L2 + Linear,beta,S10,8365301900047924020,lucky,internal_oof,169,0.7336129232680958,0.6489593041317179,0.5862068965517241,0.7117117117117117,0.6818111214662939,0.05180180180180194
experiment_04_alice_model_no_hard_gate,no_gate_l2_linear,No gate + L2 + Linear,beta,S04,6902826956892357559,moderate,internal_oof,169,0.7364088226157192,0.6613078595837216,0.6379310344827587,0.6846846846846847,0.6729574401988194,0.06345138241689974
experiment_04_alice_model_no_hard_gate,no_gate_l2_linear,No gate + L2 + Linear,beta,S05,2712386035810402826,moderate,internal_oof,169,0.7639018328673503,0.6965672569120844,0.6724137931034483,0.7207207207207207,0.6810344827586206,0.0828673501087297
experiment_04_alice_model_no_hard_gate,no_gate_l2_linear,No gate + L2 + Linear,beta,S11,2817756917657900866,moderate,internal_oof,169,0.7374961168064615,0.6613078595837216,0.6379310344827587,0.6846846846846847,0.6630164647406027,0.07447965206585883
experiment_04_alice_model_no_hard_gate,no_gate_l2_linear,No gate + L2 + Linear,beta,S07,11327508419378867602,ordinary,internal_oof,169,0.7382727555141347,0.6436781609195402,0.6206896551724138,0.6666666666666666,0.6623951537744641,0.07587760173967062
experiment_04_alice_model_no_hard_gate,no_gate_l2_linear,No gate + L2 + Linear,beta,S08,10762549616907469203,ordinary,internal_oof,169,0.7342342342342343,0.6609195402298851,0.6551724137931034,0.6666666666666666,0.6833643988816404,0.05086983535259393
experiment_04_alice_model_no_hard_gate,no_gate_l2_linear,No gate + L2 + Linear,beta,S12,10694063091131643398,ordinary,internal_oof,169,0.739049394221808,0.6744330537433986,0.6551724137931034,0.6936936936936937,0.6616185150667909,0.07743087915501712
experiment_04_alice_model_no_hard_gate,no_gate_l2_linear,No gate + L2 + Linear,beta,S13,4496119368746308026,ordinary,internal_oof,169,0.749767008387698,0.6707051879465673,0.6206896551724138,0.7207207207207207,0.6715594905250079,0.0782075178626902
experiment_04_alice_model_no_hard_gate,no_gate_l2_mlp,No gate + L2 + MLP,beta,S01,777,lucky,internal_oof,169,0.7328362845604225,0.7034016775396086,0.5689655172413793,0.8378378378378378,0.6328828828828829,0.09995340167753963
experiment_04_alice_model_no_hard_gate,no_gate_l2_mlp,No gate + L2 + MLP,beta,S02,2232016200,lucky,internal_oof,169,0.726157191674433,0.6857719788754271,0.5517241379310345,0.8198198198198198,0.617816091954023,0.10834109972041006
experiment_04_alice_model_no_hard_gate,no_gate_l2_mlp,No gate + L2 + MLP,beta,S10,8365301900047924020,lucky,internal_oof,169,0.730040385212799,0.7026250388319354,0.603448275862069,0.8018018018018018,0.616107486797142,0.11393289841565701
experiment_04_alice_model_no_hard_gate,no_gate_l2_mlp,No gate + L2 + MLP,beta,S04,6902826956892357559,moderate,internal_oof,169,0.7252252252252251,0.6891115253184219,0.603448275862069,0.7747747747747747,0.6392513202858031,0.08597390493942203
experiment_04_alice_model_no_hard_gate,no_gate_l2_mlp,No gate + L2 + MLP,beta,S05,2712386035810402826,moderate,internal_oof,169,0.7269338303821062,0.6797141969555762,0.6206896551724138,0.7387387387387387,0.6203013358185772,0.10663249456352908
experiment_04_alice_model_no_hard_gate,no_gate_l2_mlp,No gate + L2 + MLP,beta,S11,2817756917657900866,moderate,internal_oof,169,0.7328362845604226,0.6981205343274308,0.603448275862069,0.7927927927927928,0.6218546132339237,0.11098167132649894
experiment_04_alice_model_no_hard_gate,no_gate_l2_mlp,No gate + L2 + MLP,beta,S07,11327508419378867602,ordinary,internal_oof,169,0.7216526871699286,0.7116340478409444,0.603448275862069,0.8198198198198198,0.6050792171481827,0.1165734700217459
experiment_04_alice_model_no_hard_gate,no_gate_l2_mlp,No gate + L2 + MLP,beta,S08,10762549616907469203,ordinary,internal_oof,169,0.7333022677850266,0.7063529046287667,0.6379310344827587,0.7747747747747747,0.626359117738428,0.1069431500465986
experiment_04_alice_model_no_hard_gate,no_gate_l2_mlp,No gate + L2 + MLP,beta,S12,10694063091131643398,ordinary,internal_oof,169,0.72739981360671,0.7153619136377758,0.6379310344827587,0.7927927927927928,0.6355234544889717,0.09187635911773828
experiment_04_alice_model_no_hard_gate,no_gate_l2_mlp,No gate + L2 + MLP,beta,S13,4496119368746308026,ordinary,internal_oof,169,0.7322149735942839,0.7112457284871079,0.6206896551724138,0.8018018018018018,0.6349021435228333,0.09731283007145064
experiment_04_alice_model_no_hard_gate,no_gate_l1_linear,No gate + L1 + Linear,alpha,S01,777,lucky,locked_external,109,0.6849315068493151,0.6824581430745814,0.6388888888888888,0.726027397260274,0.8139269406392694,-0.12899543378995426
experiment_04_alice_model_no_hard_gate,no_gate_l1_linear,No gate + L1 + Linear,alpha,S02,2232016200,lucky,locked_external,109,0.68455098934551,0.6822678843226788,0.6111111111111112,0.7534246575342466,0.8291476407914764,-0.14459665144596645
experiment_04_alice_model_no_hard_gate,no_gate_l1_linear,No gate + L1 + Linear,alpha,S10,8365301900047924020,lucky,locked_external,109,0.6556316590563167,0.647640791476408,0.5555555555555556,0.7397260273972602,0.8192541856925418,-0.16362252663622512
experiment_04_alice_model_no_hard_gate,no_gate_l1_linear,No gate + L1 + Linear,alpha,S04,6902826956892357559,moderate,locked_external,109,0.6777016742770168,0.6824581430745814,0.6388888888888888,0.726027397260274,0.8230593607305936,-0.14535768645357683
experiment_04_alice_model_no_hard_gate,no_gate_l1_linear,No gate + L1 + Linear,alpha,S05,2712386035810402826,moderate,locked_external,109,0.645738203957382,0.6615296803652968,0.5833333333333334,0.7397260273972602,0.8139269406392694,-0.16818873668188739
experiment_04_alice_model_no_hard_gate,no_gate_l1_linear,No gate + L1 + Linear,alpha,S11,2817756917657900866,moderate,locked_external,109,0.6853120243531202,0.7102359208523592,0.6944444444444444,0.726027397260274,0.8196347031963471,-0.1343226788432269
experiment_04_alice_model_no_hard_gate,no_gate_l1_linear,No gate + L1 + Linear,alpha,S07,11327508419378867602,ordinary,locked_external,109,0.6830289193302893,0.6824581430745814,0.6388888888888888,0.726027397260274,0.8234398782343988,-0.14041095890410948
experiment_04_alice_model_no_hard_gate,no_gate_l1_linear,No gate + L1 + Linear,alpha,S08,10762549616907469203,ordinary,locked_external,109,0.6529680365296803,0.633751902587519,0.5277777777777778,0.7397260273972602,0.8184931506849314,-0.16552511415525117
experiment_04_alice_model_no_hard_gate,no_gate_l1_linear,No gate + L1 + Linear,alpha,S12,10694063091131643398,ordinary,locked_external,109,0.6643835616438356,0.6756088280060882,0.6388888888888888,0.7123287671232876,0.8249619482496194,-0.16057838660578383
experiment_04_alice_model_no_hard_gate,no_gate_l1_linear,No gate + L1 + Linear,alpha,S13,4496119368746308026,ordinary,locked_external,109,0.6590563165905632,0.6407914764079148,0.5555555555555556,0.726027397260274,0.8295281582952816,-0.1704718417047184
experiment_04_alice_model_no_hard_gate,no_gate_l1_mlp,No gate + L1 + MLP,alpha,S01,777,lucky,locked_external,109,0.797945205479452,0.7368721461187215,0.5833333333333334,0.8904109589041096,0.8839421613394215,-0.08599695585996947
experiment_04_alice_model_no_hard_gate,no_gate_l1_mlp,No gate + L1 + MLP,alpha,S02,2232016200,lucky,locked_external,109,0.8017503805175038,0.7505707762557078,0.5833333333333334,0.9178082191780822,0.8816590563165906,-0.07990867579908678
experiment_04_alice_model_no_hard_gate,no_gate_l1_mlp,No gate + L1 + MLP,alpha,S10,8365301900047924020,lucky,locked_external,109,0.8074581430745815,0.7505707762557078,0.5833333333333334,0.9178082191780822,0.8816590563165905,-0.07420091324200895
experiment_04_alice_model_no_hard_gate,no_gate_l1_mlp,No gate + L1 + MLP,alpha,S04,6902826956892357559,moderate,locked_external,109,0.7960426179604263,0.7368721461187215,0.5833333333333334,0.8904109589041096,0.8808980213089802,-0.0848554033485539
experiment_04_alice_model_no_hard_gate,no_gate_l1_mlp,No gate + L1 + MLP,alpha,S05,2712386035810402826,moderate,locked_external,109,0.8009893455098935,0.7505707762557078,0.5833333333333334,0.9178082191780822,0.8801369863013699,-0.0791476407914764
experiment_04_alice_model_no_hard_gate,no_gate_l1_mlp,No gate + L1 + MLP,alpha,S11,2817756917657900866,moderate,locked_external,109,0.799847792998478,0.7437214611872146,0.5833333333333334,0.9041095890410958,0.8816590563165906,-0.08181126331811261
experiment_04_alice_model_no_hard_gate,no_gate_l1_mlp,No gate + L1 + MLP,alpha,S07,11327508419378867602,ordinary,locked_external,109,0.8002283105022832,0.7576103500761036,0.6111111111111112,0.9041095890410958,0.8820395738203957,-0.0818112633181125
experiment_04_alice_model_no_hard_gate,no_gate_l1_mlp,No gate + L1 + MLP,alpha,S08,10762549616907469203,ordinary,locked_external,109,0.8055555555555556,0.7574200913242009,0.5833333333333334,0.9315068493150684,0.8801369863013698,-0.07458143074581425
experiment_04_alice_model_no_hard_gate,no_gate_l1_mlp,No gate + L1 + MLP,alpha,S12,10694063091131643398,ordinary,locked_external,109,0.7998477929984779,0.7437214611872146,0.5833333333333334,0.9041095890410958,0.8801369863013698,-0.08028919330289197
experiment_04_alice_model_no_hard_gate,no_gate_l1_mlp,No gate + L1 + MLP,alpha,S13,4496119368746308026,ordinary,locked_external,109,0.8017503805175038,0.7644596651445967,0.6111111111111112,0.9178082191780822,0.8793759512937595,-0.07762557077625565
experiment_04_alice_model_no_hard_gate,no_gate_l2_linear,No gate + L2 + Linear,alpha,S01,777,lucky,locked_external,109,0.941400304414003,0.7779680365296804,0.5833333333333334,0.9726027397260274,0.9570015220700152,-0.01560121765601219
experiment_04_alice_model_no_hard_gate,no_gate_l2_linear,No gate + L2 + Linear,alpha,S02,2232016200,lucky,locked_external,109,0.9364535768645358,0.7709284627092846,0.5555555555555556,0.9863013698630136,0.9623287671232876,-0.025875190258751846
experiment_04_alice_model_no_hard_gate,no_gate_l2_linear,No gate + L2 + Linear,alpha,S10,8365301900047924020,lucky,locked_external,109,0.9292237442922374,0.7431506849315068,0.5,0.9863013698630136,0.952435312024353,-0.023211567732115634
experiment_04_alice_model_no_hard_gate,no_gate_l2_linear,No gate + L2 + Linear,alpha,S04,6902826956892357559,moderate,locked_external,109,0.94558599695586,0.7570395738203957,0.5277777777777778,0.9863013698630136,0.9657534246575342,-0.020167427701674234
experiment_04_alice_model_no_hard_gate,no_gate_l2_linear,No gate + L2 + Linear,alpha,S05,2712386035810402826,moderate,locked_external,109,0.9162861491628614,0.7431506849315068,0.5,0.9863013698630136,0.9452054794520548,-0.028919330289193357
experiment_04_alice_model_no_hard_gate,no_gate_l2_linear,No gate + L2 + Linear,alpha,S11,2817756917657900866,moderate,locked_external,109,0.9189497716894977,0.7572298325722984,0.5555555555555556,0.958904109589041,0.9531963470319634,-0.03424657534246578
experiment_04_alice_model_no_hard_gate,no_gate_l2_linear,No gate + L2 + Linear,alpha,S07,11327508419378867602,ordinary,locked_external,109,0.952054794520548,0.7570395738203957,0.5277777777777778,0.9863013698630136,0.9570015220700152,-0.004946727549467234
experiment_04_alice_model_no_hard_gate,no_gate_l2_linear,No gate + L2 + Linear,alpha,S08,10762549616907469203,ordinary,locked_external,109,0.9155251141552512,0.7224124809741248,0.4722222222222222,0.9726027397260274,0.9524353120243532,-0.03691019786910199
experiment_04_alice_model_no_hard_gate,no_gate_l2_linear,No gate + L2 + Linear,alpha,S12,10694063091131643398,ordinary,locked_external,109,0.90220700152207,0.7363013698630136,0.5,0.9726027397260274,0.939117199391172,-0.03691019786910199
experiment_04_alice_model_no_hard_gate,no_gate_l2_linear,No gate + L2 + Linear,alpha,S13,4496119368746308026,ordinary,locked_external,109,0.9356925418569255,0.7363013698630136,0.5,0.9726027397260274,0.9554794520547945,-0.019786910197868934
experiment_04_alice_model_no_hard_gate,no_gate_l2_mlp,No gate + L2 + MLP,alpha,S01,777,lucky,locked_external,109,0.90220700152207,0.7505707762557078,0.5833333333333334,0.9178082191780822,0.8808980213089802,0.0213089802130898
experiment_04_alice_model_no_hard_gate,no_gate_l2_mlp,No gate + L2 + MLP,alpha,S02,2232016200,lucky,locked_external,109,0.8984018264840182,0.7713089802130898,0.6111111111111112,0.9315068493150684,0.8866057838660578,0.011796042617960412
experiment_04_alice_model_no_hard_gate,no_gate_l2_mlp,No gate + L2 + MLP,alpha,S10,8365301900047924020,lucky,locked_external,109,0.9204718417047185,0.764269406392694,0.5833333333333334,0.9452054794520548,0.8987823439878234,0.0216894977168951
experiment_04_alice_model_no_hard_gate,no_gate_l2_mlp,No gate + L2 + MLP,alpha,S04,6902826956892357559,moderate,locked_external,109,0.8877473363774734,0.72279299847793,0.5277777777777778,0.9178082191780822,0.8439878234398782,0.04375951293759517
experiment_04_alice_model_no_hard_gate,no_gate_l2_mlp,No gate + L2 + MLP,alpha,S05,2712386035810402826,moderate,locked_external,109,0.897640791476408,0.7503805175038052,0.5555555555555556,0.9452054794520548,0.875951293759513,0.02168949771689499
experiment_04_alice_model_no_hard_gate,no_gate_l2_mlp,No gate + L2 + MLP,alpha,S11,2817756917657900866,moderate,locked_external,109,0.9033485540334856,0.7503805175038052,0.5555555555555556,0.9452054794520548,0.878234398782344,0.02511415525114158
experiment_04_alice_model_no_hard_gate,no_gate_l2_mlp,No gate + L2 + MLP,alpha,S07,11327508419378867602,ordinary,locked_external,109,0.9041095890410958,0.764269406392694,0.5833333333333334,0.9452054794520548,0.8907914764079148,0.013318112633181056
experiment_04_alice_model_no_hard_gate,no_gate_l2_mlp,No gate + L2 + MLP,alpha,S08,10762549616907469203,ordinary,locked_external,109,0.9029680365296804,0.7851978691019786,0.6388888888888888,0.9315068493150684,0.8797564687975648,0.023211567732115634
experiment_04_alice_model_no_hard_gate,no_gate_l2_mlp,No gate + L2 + MLP,alpha,S12,10694063091131643398,ordinary,locked_external,109,0.8919330289193304,0.743531202435312,0.5555555555555556,0.9315068493150684,0.8869863013698631,0.004946727549467234
experiment_04_alice_model_no_hard_gate,no_gate_l2_mlp,No gate + L2 + MLP,alpha,S13,4496119368746308026,ordinary,locked_external,109,0.9082952815829528,0.7851978691019786,0.6388888888888888,0.9315068493150684,0.9025875190258752,0.005707762557077611
experiment_04_alice_model_no_hard_gate,no_gate_l1_linear,No gate + L1 + Linear,beta,S01,777,lucky,locked_external,110,0.884009009009009,0.7852852852852853,0.6111111111111112,0.9594594594594594,0.6595345345345345,0.22447447447447455
experiment_04_alice_model_no_hard_gate,no_gate_l1_linear,No gate + L1 + Linear,beta,S02,2232016200,lucky,locked_external,110,0.8731231231231231,0.7646396396396397,0.5833333333333334,0.9459459459459459,0.6355105105105106,0.23761261261261257
experiment_04_alice_model_no_hard_gate,no_gate_l1_linear,No gate + L1 + Linear,beta,S10,8365301900047924020,lucky,locked_external,110,0.8877627627627627,0.7852852852852853,0.6111111111111112,0.9594594594594594,0.6764264264264264,0.2113363363363363
experiment_04_alice_model_no_hard_gate,no_gate_l1_linear,No gate + L1 + Linear,beta,S04,6902826956892357559,moderate,locked_external,110,0.8806306306306306,0.7785285285285286,0.6111111111111112,0.9459459459459459,0.6715465465465464,0.2090840840840842
experiment_04_alice_model_no_hard_gate,no_gate_l1_linear,No gate + L1 + Linear,beta,S05,2712386035810402826,moderate,locked_external,110,0.8652402402402403,0.7785285285285286,0.6111111111111112,0.9459459459459459,0.6373873873873874,0.22785285285285284
experiment_04_alice_model_no_hard_gate,no_gate_l1_linear,No gate + L1 + Linear,beta,S11,2817756917657900866,moderate,locked_external,110,0.8798798798798798,0.7924174174174174,0.6388888888888888,0.9459459459459459,0.6516516516516517,0.22822822822822808
experiment_04_alice_model_no_hard_gate,no_gate_l1_linear,No gate + L1 + Linear,beta,S07,11327508419378867602,ordinary,locked_external,110,0.8918918918918919,0.7852852852852853,0.6111111111111112,0.9594594594594594,0.6599099099099099,0.23198198198198194
experiment_04_alice_model_no_hard_gate,no_gate_l1_linear,No gate + L1 + Linear,beta,S08,10762549616907469203,ordinary,locked_external,110,0.8836336336336337,0.7785285285285286,0.6111111111111112,0.9459459459459459,0.6561561561561562,0.22747747747747749
experiment_04_alice_model_no_hard_gate,no_gate_l1_linear,No gate + L1 + Linear,beta,S12,10694063091131643398,ordinary,locked_external,110,0.8896396396396397,0.7785285285285286,0.6111111111111112,0.9459459459459459,0.6636636636636637,0.22597597597597596
experiment_04_alice_model_no_hard_gate,no_gate_l1_linear,No gate + L1 + Linear,beta,S13,4496119368746308026,ordinary,locked_external,110,0.8776276276276276,0.7991741741741741,0.6388888888888888,0.9594594594594594,0.6722972972972974,0.2053303303303302
experiment_04_alice_model_no_hard_gate,no_gate_l1_mlp,No gate + L1 + MLP,beta,S01,777,lucky,locked_external,110,0.8141891891891891,0.7240990990990992,0.5833333333333334,0.8648648648648649,0.6227477477477478,0.19144144144144137
experiment_04_alice_model_no_hard_gate,no_gate_l1_mlp,No gate + L1 + MLP,beta,S02,2232016200,lucky,locked_external,110,0.8134384384384384,0.7447447447447448,0.6111111111111112,0.8783783783783784,0.6171171171171171,0.1963213213213213
experiment_04_alice_model_no_hard_gate,no_gate_l1_mlp,No gate + L1 + MLP,beta,S10,8365301900047924020,lucky,locked_external,110,0.81493993993994,0.7376126126126126,0.5833333333333334,0.8918918918918919,0.6212462462462462,0.1936936936936937
experiment_04_alice_model_no_hard_gate,no_gate_l1_mlp,No gate + L1 + MLP,beta,S04,6902826956892357559,moderate,locked_external,110,0.8138138138138138,0.7515015015015015,0.6111111111111112,0.8918918918918919,0.6133633633633634,0.2004504504504504
experiment_04_alice_model_no_hard_gate,no_gate_l1_mlp,No gate + L1 + MLP,beta,S05,2712386035810402826,moderate,locked_external,110,0.81006006006006,0.7169669669669669,0.5555555555555556,0.8783783783783784,0.6126126126126127,0.19744744744744736
experiment_04_alice_model_no_hard_gate,no_gate_l1_mlp,No gate + L1 + MLP,beta,S11,2817756917657900866,moderate,locked_external,110,0.8134384384384383,0.7169669669669669,0.5555555555555556,0.8783783783783784,0.618993993993994,0.1944444444444443
experiment_04_alice_model_no_hard_gate,no_gate_l1_mlp,No gate + L1 + MLP,beta,S07,11327508419378867602,ordinary,locked_external,110,0.81006006006006,0.7447447447447448,0.6111111111111112,0.8783783783783784,0.6144894894894894,0.1955705705705706
experiment_04_alice_model_no_hard_gate,no_gate_l1_mlp,No gate + L1 + MLP,beta,S08,10762549616907469203,ordinary,locked_external,110,0.8123123123123124,0.7237237237237237,0.5555555555555556,0.8918918918918919,0.6133633633633634,0.198948948948949
experiment_04_alice_model_no_hard_gate,no_gate_l1_mlp,No gate + L1 + MLP,beta,S12,10694063091131643398,ordinary,locked_external,110,0.8074324324324323,0.7169669669669669,0.5555555555555556,0.8783783783783784,0.6152402402402403,0.19219219219219208
experiment_04_alice_model_no_hard_gate,no_gate_l1_mlp,No gate + L1 + MLP,beta,S13,4496119368746308026,ordinary,locked_external,110,0.8108108108108107,0.7169669669669669,0.5555555555555556,0.8783783783783784,0.6126126126126126,0.19819819819819817
experiment_04_alice_model_no_hard_gate,no_gate_l2_linear,No gate + L2 + Linear,beta,S01,777,lucky,locked_external,110,0.7503753753753755,0.6835585585585586,0.5833333333333334,0.7837837837837838,0.6460210210210211,0.10435435435435436
experiment_04_alice_model_no_hard_gate,no_gate_l2_linear,No gate + L2 + Linear,beta,S02,2232016200,lucky,locked_external,110,0.7319819819819819,0.6141141141141141,0.4444444444444444,0.7837837837837838,0.6156156156156155,0.11636636636636644
experiment_04_alice_model_no_hard_gate,no_gate_l2_linear,No gate + L2 + Linear,beta,S10,8365301900047924020,lucky,locked_external,110,0.7672672672672672,0.6966966966966968,0.5555555555555556,0.8378378378378378,0.6505255255255256,0.11674174174174168
experiment_04_alice_model_no_hard_gate,no_gate_l2_linear,No gate + L2 + Linear,beta,S04,6902826956892357559,moderate,locked_external,110,0.7421171171171171,0.6768018018018018,0.5833333333333334,0.7702702702702703,0.6478978978978979,0.09421921921921927
experiment_04_alice_model_no_hard_gate,no_gate_l2_linear,No gate + L2 + Linear,beta,S05,2712386035810402826,moderate,locked_external,110,0.7214714714714715,0.670045045045045,0.5833333333333334,0.7567567567567568,0.6313813813813813,0.09009009009009017
experiment_04_alice_model_no_hard_gate,no_gate_l2_linear,No gate + L2 + Linear,beta,S11,2817756917657900866,moderate,locked_external,110,0.7533783783783784,0.6768018018018018,0.5833333333333334,0.7702702702702703,0.6313813813813813,0.12199699699699706
experiment_04_alice_model_no_hard_gate,no_gate_l2_linear,No gate + L2 + Linear,beta,S07,11327508419378867602,ordinary,locked_external,110,0.740990990990991,0.6625375375375375,0.5277777777777778,0.7972972972972973,0.6298798798798799,0.11111111111111105
experiment_04_alice_model_no_hard_gate,no_gate_l2_linear,No gate + L2 + Linear,beta,S08,10762549616907469203,ordinary,locked_external,110,0.756006006006006,0.6764264264264264,0.5555555555555556,0.7972972972972973,0.6422672672672673,0.11373873873873863
experiment_04_alice_model_no_hard_gate,no_gate_l2_linear,No gate + L2 + Linear,beta,S12,10694063091131643398,ordinary,locked_external,110,0.7616366366366367,0.6974474474474475,0.6111111111111112,0.7837837837837838,0.664039039039039,0.09759759759759767
experiment_04_alice_model_no_hard_gate,no_gate_l2_linear,No gate + L2 + Linear,beta,S13,4496119368746308026,ordinary,locked_external,110,0.7353603603603603,0.6764264264264264,0.5555555555555556,0.7972972972972973,0.621996996996997,0.11336336336336339
experiment_04_alice_model_no_hard_gate,no_gate_l2_mlp,No gate + L2 + MLP,beta,S01,777,lucky,locked_external,110,0.7102102102102102,0.6760510510510511,0.5277777777777778,0.8243243243243243,0.5108858858858859,0.19932432432432434
experiment_04_alice_model_no_hard_gate,no_gate_l2_mlp,No gate + L2 + MLP,beta,S02,2232016200,lucky,locked_external,110,0.6715465465465464,0.6006006006006006,0.4444444444444444,0.7567567567567568,0.5105105105105104,0.161036036036036
experiment_04_alice_model_no_hard_gate,no_gate_l2_mlp,No gate + L2 + MLP,beta,S10,8365301900047924020,lucky,locked_external,110,0.6835585585585586,0.6415165165165165,0.4722222222222222,0.8108108108108109,0.4763513513513514,0.2072072072072072
experiment_04_alice_model_no_hard_gate,no_gate_l2_mlp,No gate + L2 + MLP,beta,S04,6902826956892357559,moderate,locked_external,110,0.691066066066066,0.6208708708708708,0.4444444444444444,0.7972972972972973,0.5161411411411412,0.17492492492492484
experiment_04_alice_model_no_hard_gate,no_gate_l2_mlp,No gate + L2 + MLP,beta,S05,2712386035810402826,moderate,locked_external,110,0.649024024024024,0.6073573573573574,0.4444444444444444,0.7702702702702703,0.493993993993994,0.15503003003003002
experiment_04_alice_model_no_hard_gate,no_gate_l2_mlp,No gate + L2 + MLP,beta,S11,2817756917657900866,moderate,locked_external,110,0.6925675675675675,0.6069819819819819,0.4166666666666667,0.7972972972972973,0.5045045045045045,0.18806306306306309
experiment_04_alice_model_no_hard_gate,no_gate_l2_mlp,No gate + L2 + MLP,beta,S07,11327508419378867602,ordinary,locked_external,110,0.6854354354354353,0.5998498498498499,0.3888888888888889,0.8108108108108109,0.4898648648648649,0.19557057057057037
experiment_04_alice_model_no_hard_gate,no_gate_l2_mlp,No gate + L2 + MLP,beta,S08,10762549616907469203,ordinary,locked_external,110,0.6445195195195195,0.6077327327327327,0.4722222222222222,0.7432432432432432,0.4864864864864864,0.15803303303303307
experiment_04_alice_model_no_hard_gate,no_gate_l2_mlp,No gate + L2 + MLP,beta,S12,10694063091131643398,ordinary,locked_external,110,0.6426426426426427,0.600975975975976,0.4722222222222222,0.7297297297297297,0.5022522522522523,0.14039039039039036
experiment_04_alice_model_no_hard_gate,no_gate_l2_mlp,No gate + L2 + MLP,beta,S13,4496119368746308026,ordinary,locked_external,110,0.6509009009009009,0.6355105105105106,0.5277777777777778,0.7432432432432432,0.4906156156156155,0.1602852852852854
