path,bytes,sha256
artifacts/alice/evidence/external/alpha/LTX0176.npy,136764,2e8ec0f131650231802e5dd193216a99e31e6b1fb3ba34fb7307fb6ac6986142
artifacts/alice/evidence/external/alpha/LTX0219.npy,285168,1a6d952d5d8bfa56329662565ad74b1f97ba412738588988d51b72784a5b5ee1
artifacts/alice/evidence/external/alpha/LTX0230.npy,43624,bf6110569adc76543744202ab91538f713e7a0f989dbec46f994f1bf2396596d
artifacts/alice/evidence/external/alpha/LTX0272.npy,14052,6c89a78589f49b5450195bfbdfaae365a397f087398d3d77d5cf0b1901d7f048
artifacts/alice/evidence/external/alpha/LTX0304.npy,76260,8b9c62d3ffb345877ab5789c69a2f6c7a304d2d7a73697178a10cf8ec28bc670
artifacts/alice/evidence/external/alpha/LTX0305.npy,76752,e2ee3664eca9b65ff86a888641bbe16c069b407e58b50144692b95a2c0e02b05
artifacts/alice/evidence/external/alpha/LTX0306.npy,5596,500919c4a855de1c7c40bb1bf1e6e8c93479fb424e51dc7845fc8a86b4f7b427
artifacts/alice/evidence/external/alpha/LTX0309.npy,69392,f5aa7bdddc56594e648aa349cc151cdc21a5acc0e00c3e72b987aef09de9426b
artifacts/alice/evidence/external/alpha/LTX0310.npy,3712,a5cfd532575a403e0dbbebe93eb7a315c57649538a00a1abd2c1fe81ed270076
artifacts/alice/evidence/external/alpha/LTX0313.npy,12856,2b4bcd99b673d5f8c3b43e4d31a0036e2a0ee2033b7bf9262102d2ac80047e74
artifacts/alice/evidence/external/alpha/LTX0316.npy,18912,e08585940989dd70b454ff651bbf530307c683942ea88d03e67f66bb0b7cb8fe
artifacts/alice/evidence/external/alpha/LTX0323.npy,136036,420573085ed461106587bf8b474ddac54dd4115d716120461511a012659e0338
artifacts/alice/evidence/external/alpha/LTX0331.npy,3940,02fd9f54fc2c71d7beee1104f015aa39712d38098f518cb8f959c2eba72df3a6
artifacts/alice/evidence/external/alpha/LTX0336.npy,32064,191e716f99c6dd232866ae1e2c781704ba0df9ddd80b1c647cfd43c8f4bca0e4
artifacts/alice/evidence/external/alpha/LTX0348.npy,201720,c3b731b2b055afe2f037a7f2e9833c2967aebc9f8d03ce9f19505488594e1f3e
artifacts/alice/evidence/external/alpha/LTX0351.npy,17488,1cb9917958ba828d19935323763f2670a6dfe755ae65a41f5dc2b4b8ddebc1e8
artifacts/alice/evidence/external/alpha/LTX0353.npy,23560,a20294d175c807c24d5511b9b0c1fcce7d64551258f88b388c6e62a093134a98
artifacts/alice/evidence/external/alpha/LTX0369.npy,33320,4bd816b67841e3c8e8df8c399a7bd13e2cae4c01c53cfced6088f334f8829cdf
artifacts/alice/evidence/external/alpha/LTX0383.npy,39820,4f089309cfdbd2f613e1b87039b8995f433f4ff6b5c9173d7c04650315dd95c9
artifacts/alice/evidence/external/alpha/LTX0411.npy,9656,14ed1bae6d36ea823a658b6234584cfe0347a717f6f143d56d3695b9cdb3ce98
artifacts/alice/evidence/external/alpha/LTX0442.npy,848,7665545d362713abbbf3cb07d5f4b458f9e9a0dc28120fd6f6df5f0d136bcf89
artifacts/alice/evidence/external/alpha/LTX0474.npy,57840,94abb0c057afc0e6d6d4f0729b09f67a87382a428bd40b10d2306c7902515f39
artifacts/alice/evidence/external/alpha/LTX0479.npy,25020,142c5c880818cc6e371ea8ef948f69bdd8955453e367780adef7d7e2f884af75
artifacts/alice/evidence/external/alpha/LTX0485.npy,147848,b412b2e4c45ff74b139c3bc71ff1f0233495072bd7da89a98e25ed847c9e5b82
artifacts/alice/evidence/external/alpha/LTX0535.npy,65172,ba03cc2dded57c87cfe9fed3ef35c1fb8d473fa6acd643d2014a8e39452a362b
artifacts/alice/evidence/external/alpha/LTX0538.npy,11424,c00c72692ab618a559bdafb1cbb15edc42c59ce815461598dbb44671bc623847
artifacts/alice/evidence/external/alpha/LTX0560.npy,65228,148c7541d4b89ad117c6e4b5ea79db0df481184150387cff7b0727b2cc49bd94
artifacts/alice/evidence/external/alpha/LTX0572.npy,65120,f29ddecf568317dd9db2a2e9a9f0eb9aa07ac42302497996b9d4a4a1e10ca8ef
artifacts/alice/evidence/external/alpha/LTX0616.npy,33928,e0ca30cf813a2dbbd43d2bfb23878332b303aa2a2ad20068b7bf0f7caa0cbbfa
artifacts/alice/evidence/external/alpha/LTX0648.npy,12828,2161acf917fa5d74321516f0863c1d51b9ee38072d0a3feb59d5f0c10c28ae1e
artifacts/alice/evidence/external/alpha/LTX0652.npy,52860,95a1bf1898755ad99ec43d1d19362b2b09da07e24bf005329756621a999e8317
artifacts/alice/evidence/external/alpha/LTX0672.npy,4756,0af853e499cc5bddf1e553102bd6caf6f8fc811cc2fd75de3ad65a5960b380f4
artifacts/alice/evidence/external/alpha/LTX0674.npy,8016,be941b9ee8449075315722291b6b4c2ff4f562b3ef1091306b7e30729b629486
artifacts/alice/evidence/external/alpha/LTX0678.npy,7268,7c48c25fbdad1c0d8bb553f11e3f2fcbc8c595c827be4213fe5ea42588e5d58d
artifacts/alice/evidence/external/alpha/LTX0733.npy,23464,1728dd94298f25460cce8be619cf47b6f1ac922ddefd34e47f759272a6bd5d59
artifacts/alice/evidence/external/alpha/LTX0782.npy,74348,8a873a2a4248eb64ed189b72e379a74a5a5757174ce8a436cf63ff26a3081bea
artifacts/alice/evidence/external/alpha/TCV_0001.npy,138612,1ba30294298892b6ef6420a16e1659416e33f8d65b19105b8c4f63ecc0452e0c
artifacts/alice/evidence/external/alpha/TCV_0002.npy,188324,612a0f4bbc7dfe7a6445b07233f276bed34c696cc72626cef8339f1ab552116d
artifacts/alice/evidence/external/alpha/TCV_0003.npy,145020,f01ea3f4b45d2505ba112727314ae3364ce70e7766ead8e0d233a34b17541dc2
artifacts/alice/evidence/external/alpha/TCV_0004.npy,171476,15eb2beba595e9d8a9dfe58d82e3a19099430d754fcb64b2fa67d0c6fbfecaec
artifacts/alice/evidence/external/alpha/TCV_0005.npy,133916,711dbd8cdc59fc01172107346f7fda57825332bad0f3c8ea01b803eefac41369
artifacts/alice/evidence/external/alpha/TCV_0006.npy,123716,88ebe8da4ac054731d1b5d7a21d3b11ec4929fcc1d34e9d7809851e89eb6f0f9
artifacts/alice/evidence/external/alpha/TCV_0007.npy,87780,2e899933c80fbb0c41f9f7cd57fffb2c4ff8b8ed1d82dbc475534b4ac0c0c022
artifacts/alice/evidence/external/alpha/TCV_0008.npy,237264,923abfc264e6c05e93639d725454e68a3feca1fdb3da3a82c28d2ba06c453081
artifacts/alice/evidence/external/alpha/TCV_0009.npy,132288,95885e8f24b0c5bb6611a3946ba04f46b361dafebd7a940e33a50c4f0beccc20
artifacts/alice/evidence/external/alpha/TCV_0010.npy,168884,012de649100711b750dd92f5f9d1e22bc82487abfa3acfd8c4ebd6981d40f780
artifacts/alice/evidence/external/alpha/TCV_0011.npy,106048,c8f8a43b8f5f721e2650e4ea554f6275fddd20e18d7263867f075aafe5fde514
artifacts/alice/evidence/external/alpha/TCV_0012.npy,122028,ae86c0c1e2d595be1cebaaf6ad7fff233a41b3a300856c42ac47720ced35c280
artifacts/alice/evidence/external/alpha/TCV_0013.npy,89416,69dc5c2e0648795ce4facdbd541f98efabff3c112ef81e4b610dca287b71b695
artifacts/alice/evidence/external/alpha/TCV_0014.npy,86272,54d1d3b648d7466452f2605bb7f4cc125c19ea930dd28a55917aa9083548e7e2
artifacts/alice/evidence/external/alpha/TCV_0015.npy,118112,a2140deb0c8d43949a0d6df884a4338291eb70acc69b76af3f4d08678477eeed
artifacts/alice/evidence/external/alpha/TCV_0016.npy,129840,0caafaafde78159f6875243969f3da438892818192881ace6654af12a2b9320d
artifacts/alice/evidence/external/alpha/TCV_0017.npy,99980,3952722a8c72d54122ae50ffd2a884d479ee72d7922999e2f4e20629420aa223
artifacts/alice/evidence/external/alpha/TCV_0018.npy,92480,5245beb7e1370d2ad76daf74125fbe931e28b1e31e4f14a59259d09f94f6d98b
artifacts/alice/evidence/external/alpha/TCV_0019.npy,118076,6077de0be03e15c188b5b995137d0d4d96ed49da8b6545335d787dc7d48bea37
artifacts/alice/evidence/external/alpha/TCV_0020.npy,123156,ef9dd64bd30025ef7171ba85d59f3b222aac2eacdd414dae982ae7b395dff6be
artifacts/alice/evidence/external/alpha/TCV_0021.npy,140928,e75682ac407ce61569682d1a35e6eb427d8884a24a1fd9423fcf69c8ae6106d8
artifacts/alice/evidence/external/alpha/TCV_0022.npy,125800,9f652e4bc07a6c32a69dad880d9ebafed4f3eede70362eae4f8ad6a445418090
artifacts/alice/evidence/external/alpha/TCV_0023.npy,14120,68a2fd46cab474f167e772b411995fbfd1e5ba3ad713a590639f9482e643b467
artifacts/alice/evidence/external/alpha/TCV_0025.npy,168876,7b11c0486a7256b28ae9e4bb9360c395cfd6b4ddf4dae854921a2873c6a72ffa
artifacts/alice/evidence/external/alpha/TCV_0026.npy,104156,5b7cb507a8c75debbaa5c1aa99c27b539b07adba0e102e1b3e6707c403619686
artifacts/alice/evidence/external/alpha/TCV_0027.npy,115744,1cd8acb8d8aff438b0da76857749da876a4ddd081eb8613bbc251df193fe9447
artifacts/alice/evidence/external/alpha/TCV_0028.npy,146272,2fdea7ca20603a6be7dce98beb40b6e606a1100cd186377c7315934a9dd8131a
artifacts/alice/evidence/external/alpha/TCV_0029.npy,127996,bd7dfbcc3c392b9cfbb64fb43d73df233efc2cc98795d4840f0382ae3a794270
artifacts/alice/evidence/external/alpha/TCV_0030.npy,108640,9d040de1d154c94cc1361e6a9a4baf162173c214c8c0a35bd1de3bfdb0e3a14d
artifacts/alice/evidence/external/alpha/TCV_0031.npy,174316,3331603fcb864623cf65b6b49f3117ac384d7eab8ebd955cd7eeda07e919bcd9
artifacts/alice/evidence/external/alpha/TCV_0032.npy,156388,0f7eda8e3cd89ddb64f7971f12f9d03ca1db8dd731fa77fd5282d045817d2b23
artifacts/alice/evidence/external/alpha/TCV_0033.npy,158224,17d9be253dd2654fbef6dff9be6887b84e22bc5591f9e0746f75cdb72b9c716c
artifacts/alice/evidence/external/alpha/TCV_0034.npy,59352,c7176fd010a62dc94604a9d397df56e4bb1f24abf5d41f25bbd68b4ca6fc7146
artifacts/alice/evidence/external/alpha/TCV_0035.npy,168652,61b28af351af65177059335fc4ef9e2b0dc1f92de9bdd024ba76c7c7aa1e1b76
artifacts/alice/evidence/external/alpha/TCV_0037.npy,162392,5815b122c81e5e8a27b6923428d2b837432543fb091af44df6d9103b512499bd
artifacts/alice/evidence/external/alpha/TCV_0038.npy,190720,14b434c925319951dd40cb006e1023c706e109bad21dde66341c3531c8d77c3c
artifacts/alice/evidence/external/alpha/TCV_0039.npy,184512,df1a76fa7dae13e49b115eaa2726d806f37dfcced5b47933e153abb6a027a696
artifacts/alice/evidence/external/alpha/TCV_0040.npy,136008,dede7115e4b81c07c9d1f27450f981af8adc0ffc09515ce8663091ab4da718a8
artifacts/alice/evidence/external/alpha/TCV_0041.npy,146660,4bfbbc91bf131a22df23e3d91afda695d5a9a5726987764e2d4a643a4d5102fb
artifacts/alice/evidence/external/alpha/TCV_0042.npy,193220,dc8ce4792f279c0277801be704509861b4ac5f928f1d585255d1b8319d0a94e2
artifacts/alice/evidence/external/alpha/TCV_0043.npy,131664,ab51bad6ca3a2f4ca9c993823df0cbfd04409a1bcc228648ab1e8848ebed74df
artifacts/alice/evidence/external/alpha/TCV_0044.npy,180620,b94bf176e2e79781c8e35d3ac026cb77ab59941c4a268f7dd485d4ba5d205178
artifacts/alice/evidence/external/alpha/TCV_0045.npy,378888,3c6e97bdb1d08f2c150c5b16b23388d7abed80f626fbb9f894596d8ac3f23f53
artifacts/alice/evidence/external/alpha/TCV_0046.npy,278620,48e11607ccbf08ee66944bd7ded1b24eeba370d633d7c5e5decc309ddaae449a
artifacts/alice/evidence/external/alpha/TCV_0047.npy,142448,58e551ab941eac37dcde2e4159a29b3e039126a09b214e10dc0d44f1e1e33ed6
artifacts/alice/evidence/external/alpha/TCV_0048.npy,175564,b8ca9e33da7139d8b6ace725eecd71d8b31cf7a534ac89fe0e683e0624bfda9d
artifacts/alice/evidence/external/alpha/TCV_0049.npy,235876,a77446f603a78a9c0c812bd6e573b7eac5f6e15a9ad7770f5c77d1b3fe8184b2
artifacts/alice/evidence/external/alpha/TCV_0050.npy,225620,595de600a46e3c665f7b28c0abb1abb4ac8e0fbbc524eb2a8c039f4efa55d566
artifacts/alice/evidence/external/alpha/TCV_0051.npy,198664,e41be92dd37d84749a80f4650ee1183e9ff9b143038b3cd70b59f50cbd921be1
artifacts/alice/evidence/external/alpha/TCV_0052.npy,176784,ae92ffece600ce783c472fa2855ea73470b1936b4f5dc56fa1e38f7f9d0348b6
artifacts/alice/evidence/external/alpha/TCV_0054.npy,135760,9b59ffb4b18357840f8b5bb221f9238f25288d39d46eae50450fae74287fb35e
artifacts/alice/evidence/external/alpha/TCV_0055.npy,208636,a6840e858bcd78782c691e8d0af11abcf6a32c8d9e4a209988676d2c45e1dce9
artifacts/alice/evidence/external/alpha/TCV_0056.npy,138708,92c34ad8ef76af20e5cb2b9debd6625b134387733ccec458cf09f8365a03e4ba
artifacts/alice/evidence/external/alpha/TCV_0057.npy,150596,daee762b752de125cf00767f681331274f313e9581d3b58ab6df68413ee9b142
artifacts/alice/evidence/external/alpha/TCV_0058.npy,149440,2fcd77e5c8fe1c953494b9061ff08bec321ead12ed902ef166c2fdba050e30e2
artifacts/alice/evidence/external/alpha/TCV_0059.npy,147984,577c8b4ee6044d05ba569290acf1e4774197cff9f86ddd96df9f0dcbe6456307
artifacts/alice/evidence/external/alpha/TCV_0060.npy,104788,c1ef9390fe7dc0c9157149dd9839ef7a39c59c6550864152ba96a25a86bb23c8
artifacts/alice/evidence/external/alpha/TCV_0061.npy,343160,d988d5c395224649134fbbc31a605a772848855b519a248d853ca3d6f6ee6a41
artifacts/alice/evidence/external/alpha/TCV_0062.npy,80528,7f5bda6f4545319ce1b3be91f9f6b2a0b67024da7210c782205d9a8c202e083c
artifacts/alice/evidence/external/alpha/TCV_0063.npy,184944,4b68bdf65ecdd4c1160ac31d511368329018ea31ef476149d75ee542a182fc0e
artifacts/alice/evidence/external/alpha/TCV_0064.npy,181988,c86a6670319869e2cd6f355c670ef1b3f18e360c61ddec2698c6bcf952cb94a6
artifacts/alice/evidence/external/alpha/TCV_0065.npy,200532,9008e5eff7c5ec8d65355ab3f546f83a12a07c78bde211857ac54f38adfd880e
artifacts/alice/evidence/external/alpha/TCV_0066.npy,32592,a75d8f4bdb0b37aa1e611cf20066207f86e991ea4ea888e5940a3dec7360016d
artifacts/alice/evidence/external/alpha/TCV_0067.npy,176440,42ee008c8e919dbcb62352de8a49da9a3fdf905872d7d89aa8151094a88e2f68
artifacts/alice/evidence/external/alpha/TCV_0068.npy,269312,98ab80055ffaba0dd6f7351e2df2e7a91ad29f4aea2e5a2ecce4e3d774b9cc50
artifacts/alice/evidence/external/alpha/TCV_0069.npy,290648,7585bbc35698c4a65443eb68bb0938d60bb7fa6362f3cd48e372cd22aecd7090
artifacts/alice/evidence/external/alpha/TCV_0070.npy,254076,7dc70b1e5a09f2a9698afc0920dcaad6c8fd306c47ca1fced2468f15482ab900
artifacts/alice/evidence/external/alpha/TCV_0072.npy,221304,c0a72516aa5787d358d887761caae061f2ba960735e2607c065cc7469c8a4545
artifacts/alice/evidence/external/alpha/TCV_0078.npy,65424,b9b552f91e487ecf1ffc87c30470166d6653355ccd4a47105f97c5dcafef5a72
artifacts/alice/evidence/external/alpha/TCV_0079.npy,143312,b06d933b79744a2a2a5a60474379a67f0f41eed702b1f09398d5a441c0333aca
artifacts/alice/evidence/external/alpha/TCV_0080.npy,124608,57bf0e9f03ca0a84a4f0812ea6aed49eb4e8d85eaf1b382de87e106aa60c1dd5
artifacts/alice/evidence/external/alpha/TCV_0081.npy,161904,7ef2ced32a4f71633413f1307a9930f32e3b6d8a1ec04c2dd4baaa9170eaf2d6
artifacts/alice/evidence/external/alpha/TCV_0082.npy,133384,46a1ae1b9e5c4b48742653e0c4a7e041d54d4c1a9788250164d39a270a8f913a
artifacts/alice/evidence/external/beta/LTX0176.npy,232156,568bb1b777bd6a174d9532aa70d52129cb8d7f77653ecd8853489dbee6a4e1b6
artifacts/alice/evidence/external/beta/LTX0219.npy,600812,be247d3a3470dbbb142d6c716aa054984ee6a78dd0b1ac714c9f94327dbb9420
artifacts/alice/evidence/external/beta/LTX0230.npy,96628,da2ce060deae0d0c430ab11333a3bc183117172c039c57d02191774d6dd580df
artifacts/alice/evidence/external/beta/LTX0272.npy,43192,2a06251c4e86ed4b08ad7584d192b7f5d30ab9ebca2d1d23f927b0438a92780d
artifacts/alice/evidence/external/beta/LTX0304.npy,104680,b59461b54de8a9b8d5576f2330c5906a9f42295ef911d0df4fddf2d57c5a8605
artifacts/alice/evidence/external/beta/LTX0305.npy,127812,7b07b161167d31d66d9835428f51954e00cebd011f1ab9c46253f6f58c540ba7
artifacts/alice/evidence/external/beta/LTX0306.npy,8856,1282a785b4ac4b0f7596e0a86fa02dadb1c19a188acf32d08c4566487ed01678
artifacts/alice/evidence/external/beta/LTX0309.npy,127828,3d4e12905c135d449538051a3e958fd4e756a8ac21b861afb3ba25d1a6efacab
artifacts/alice/evidence/external/beta/LTX0310.npy,5248,0daa6a56d565ad41bc27fef359d800db0326e330a239de5a584fb87ed1fe7d5b
artifacts/alice/evidence/external/beta/LTX0313.npy,21196,0f32cf0927263403a4785c754867e1a253705d242ad96fd6de16a201fc6aa66f
artifacts/alice/evidence/external/beta/LTX0316.npy,65756,203f2d9a87b5cc9822022959ca5f142d4832fbf075684ae017bcc8c44142bfba
artifacts/alice/evidence/external/beta/LTX0323.npy,240296,eee7b4ebfbaa9e6a005c77c8cd657447f33f12192988a45245c3e1695a5510d0
artifacts/alice/evidence/external/beta/LTX0331.npy,14256,e5c4241a94fb95d084a3364dc05956357e06b730b65f513530c2f29175ea7e0a
artifacts/alice/evidence/external/beta/LTX0336.npy,55608,f15e4c3d05bae94e0c1466f5c104f8d4d53af7dafc5f3588ea2fbd27c03f3a8e
artifacts/alice/evidence/external/beta/LTX0348.npy,451860,c8d52af3cc221484fb7848358688e21a0f2e689475f8613a483a9dc9e33c4e9d
artifacts/alice/evidence/external/beta/LTX0351.npy,52076,5d59a13e0fa1961a139622abc36b667c937c19f745e9005c3d5ae1bd76452647
artifacts/alice/evidence/external/beta/LTX0353.npy,33892,e20818cbe612e59d7bf7ea1775e8bacfac0d0df86ab62c3d732dff3229c0cc15
artifacts/alice/evidence/external/beta/LTX0369.npy,62020,a89558be4edcc60379bae0e4c3389f2bc31a1447a393988a8dc1c5cb91ffd705
artifacts/alice/evidence/external/beta/LTX0383.npy,74656,b0e94ff761ffd06a26bc85da41ebacae3904cb3c57a52d3bd32ee06b58fc6f9f
artifacts/alice/evidence/external/beta/LTX0411.npy,34020,41a7abd377f2e0ab37cd82ed9d3390f61ad316259176678755088b67d9fbfc33
artifacts/alice/evidence/external/beta/LTX0442.npy,3232,0467c97890af0d368df2f94e342492ff951ba9292eadb49b981cb7f3c1dc83dd
artifacts/alice/evidence/external/beta/LTX0474.npy,80160,a22f961f0ce35fa59c628d6b977bccafa1eb9e0d70b035d6924814b5ca23cb5c
artifacts/alice/evidence/external/beta/LTX0479.npy,53588,dc41019d7f525f2a9e6fa741f91351b47be9e3e8bc789261f2a631a911283670
artifacts/alice/evidence/external/beta/LTX0485.npy,315936,a7cf9cc6aaebb5da46d9a3eb117ece4535cafc1e01f2ad8478f5671841f31ca7
artifacts/alice/evidence/external/beta/LTX0535.npy,97236,4ee2bc9be17f41fe852213ed5ca6c24039aee09055145204bede53ae29b341b4
artifacts/alice/evidence/external/beta/LTX0538.npy,10140,1227c298f50ac7c73a15ead39496e3ab404a6391129350bf2b0d9ce75ef96732
artifacts/alice/evidence/external/beta/LTX0560.npy,107608,f3e1a4ab19b34d69db16c190cd84363e67b9a50e2d953d3fbe529c989cbd6906
artifacts/alice/evidence/external/beta/LTX0572.npy,104084,14f4ac2ebb60c6328a9d8b77b3b597e454bdd4ba6318cdac55382e7e3cc50329
artifacts/alice/evidence/external/beta/LTX0616.npy,65956,1e6ee39380f9ac3723ef1f87e9d209e9903b12d675f2ad3494ec3eca205c7366
artifacts/alice/evidence/external/beta/LTX0648.npy,17420,1273cd15033d33366ef07f4aaff5da6ec70c18ca98213d495b7d2cd3b76477b0
artifacts/alice/evidence/external/beta/LTX0652.npy,104684,3cd2049cf374fbb64ef54dbbfda12a68f94807d0cf5438024ab5724d570f9d95
artifacts/alice/evidence/external/beta/LTX0672.npy,17720,0a52222de323548af735523b0dc3be396c880e2c498cda3b8ceb89c6a8230c49
artifacts/alice/evidence/external/beta/LTX0674.npy,18024,4d9d042bff38b6fad8cfbc0b8fa1873ed7afa6ba1d38462dda61a95f79a511fd
artifacts/alice/evidence/external/beta/LTX0678.npy,15012,08435e9a789ef2d315b083c1762bde9ace1124a17c623a228abdb8b99a0fef82
artifacts/alice/evidence/external/beta/LTX0733.npy,38292,e2dab31b5198c4f1acdce6a6881612dc7cd40eca2b6a81e4394beedf2047dfa6
artifacts/alice/evidence/external/beta/LTX0782.npy,129388,9a3a1a6a813dd744d8e0127ecc18da24fdcb17e0c8bd6af2ab4af23d0340d67e
artifacts/alice/evidence/external/beta/TCV_0001.npy,127524,5e7469ebf47827d8b3e4c75191a0dd6719da617bd9e12e16c92febcbf0f4065d
artifacts/alice/evidence/external/beta/TCV_0002.npy,353864,538ee3d8c92900f087de7ac9b09375f6c6c24024e09d094ce8f28087e0ec8ede
artifacts/alice/evidence/external/beta/TCV_0003.npy,180448,2a4e050d32aa65c3eb6c592a0ec69774d1088e3d1b97b11543539cd6b1cc159f
artifacts/alice/evidence/external/beta/TCV_0004.npy,232016,b000dd3c0a662cb6d40289722b5109f745c23aa2862027eabf6b52a19a828d5d
artifacts/alice/evidence/external/beta/TCV_0005.npy,149168,32ba79d85b3a120178fce65af052f13bf5cbdbdfb690d6f6e12aaafa8da11a2b
artifacts/alice/evidence/external/beta/TCV_0006.npy,196756,05b3585ea31f4d6ca8c288651da874f4e3a0d024a15ca70b3f65d28d567fd837
artifacts/alice/evidence/external/beta/TCV_0007.npy,109584,617cff3dc11af73a82fb629aa75a88e106966df000e91b47807efd0d2af1f0f6
artifacts/alice/evidence/external/beta/TCV_0008.npy,185380,fab7e3d9240cff5e313a8ec758fd1c11269746f679bd5ea722564a5af2f9447a
artifacts/alice/evidence/external/beta/TCV_0009.npy,165188,c790969a739560a1258302502c036c90650b3fe3b241758d2de9692356e7fae3
artifacts/alice/evidence/external/beta/TCV_0010.npy,147192,e5d6668368b110a948b0a12bb14c85eb9d6af42d7ae2d5bce7ef1b78c7295568
artifacts/alice/evidence/external/beta/TCV_0011.npy,97080,26a4d9713affb6513d7045f69d2819c4969b48ae2366911beb54df475f0a1acb
artifacts/alice/evidence/external/beta/TCV_0012.npy,156404,c8b5cd9501e30e0de91db4dbd283187301a7bb7cc8e07521fdf6d88d42f6d8aa
artifacts/alice/evidence/external/beta/TCV_0013.npy,92496,39b949f3fed7187cab1352fd18dabc77fa89806f847c6d71b1c6c6e8426412bc
artifacts/alice/evidence/external/beta/TCV_0014.npy,93396,4c87221c114aacf20f8f46501bb1dc9207c4d62d38fa7bdc19b5b1c4c583af06
artifacts/alice/evidence/external/beta/TCV_0015.npy,136736,780fb3af5dd5857959f5539f515b13180f17754bbfd8d638cb4376cc127b3b38
artifacts/alice/evidence/external/beta/TCV_0016.npy,116440,afb3436a6c87aede944d094d1cabcc9162239dad1d3ac11fbea385181b285d80
artifacts/alice/evidence/external/beta/TCV_0017.npy,133872,c49e44e3a0352306eaa1fbe8e28a7d1c1ccf631e719673540db442d1da330596
artifacts/alice/evidence/external/beta/TCV_0018.npy,87724,3b9cc072f2d36630cc9b489ff0dc2115e831fc92ce439cf82b30d173a241f2f1
artifacts/alice/evidence/external/beta/TCV_0019.npy,125696,3ab2521b3e735146556bf21edc938dc323388219fc8287aa8febac6087942c6e
artifacts/alice/evidence/external/beta/TCV_0020.npy,142100,2ed616b7de84a7c4ebd65cd4fac241bfec884c984a8769c7cf33972424bad615
artifacts/alice/evidence/external/beta/TCV_0021.npy,163928,31bf52adb2a71779a6d6388162031eddc3e06080955ea4f55424cbb7dd7f6873
artifacts/alice/evidence/external/beta/TCV_0022.npy,124928,a4bc5d057fb2007abb2d71f16fee38ffba190aff6ca741bdeac203734b9d2157
artifacts/alice/evidence/external/beta/TCV_0023.npy,245528,3d2d05a87559a2d7b6882f07bfad583e81b91265458f833447f5eb9e4464bed2
artifacts/alice/evidence/external/beta/TCV_0025.npy,225056,cae5e0ad6b2fb3594d7fb291e73b0db5697cc9bae0e810b41dd85a544724057c
artifacts/alice/evidence/external/beta/TCV_0026.npy,128888,6a5f7a6394d1d9ec9de0efb3c1fc4dd2b1af2ca0dd3e8f221057894370c8daad
artifacts/alice/evidence/external/beta/TCV_0027.npy,122716,e7eeabbbf464d9f43e93fe2243983e91afaa12c41526bdc7e30a1dd2a8666163
artifacts/alice/evidence/external/beta/TCV_0028.npy,209244,17d4c81e87b24ad434e3662311daffe52e868f40bff1ef5cd3a4cb372800359d
artifacts/alice/evidence/external/beta/TCV_0029.npy,322412,da2c477a996f4d582d0fb7d23f23064a5269f2ae8e86f1d434c88e379de0493b
artifacts/alice/evidence/external/beta/TCV_0030.npy,158388,e4ac7a9e47b2ea6cd9715a1ab0a8528753e20cdddb2bbe44ac6b06bd3d6f109b
artifacts/alice/evidence/external/beta/TCV_0031.npy,281372,69d30ceeda7b5e4630e2c1a084b95c169aeaa7f29f27f14d8a9bc506cb4cb235
artifacts/alice/evidence/external/beta/TCV_0032.npy,213468,df7ade5a456e206077d836c3514f394cb55943c1ca70d1b5458ff977d080fb08
artifacts/alice/evidence/external/beta/TCV_0033.npy,177948,3a0dcf333b45e914e9ff6f5d31f2ff92a7b01e237bcc755ab806e98004330959
artifacts/alice/evidence/external/beta/TCV_0034.npy,74008,6324f3baf1885290e0fe6733f3e55136e2a217f9f7c48a221531940c465faafe
artifacts/alice/evidence/external/beta/TCV_0035.npy,197100,1e59f002c5d4b0b770ebe11be220a6fc6826740c849b6e5bed0aee93c1bda2d5
artifacts/alice/evidence/external/beta/TCV_0036.npy,188056,35e9eecaaf6a822371217ec3b6c66c5983654796d553dc214c8665be1dbace5d
artifacts/alice/evidence/external/beta/TCV_0037.npy,236092,a7ca617024161a9fc6415892010e1b5dd7ed585ab19ef69efa07c210cd0fbbcb
artifacts/alice/evidence/external/beta/TCV_0038.npy,264008,ce259de570ca37c5507a30aee9ea2bafe53f5d469a3696510a94e4161af29309
artifacts/alice/evidence/external/beta/TCV_0039.npy,219488,c6637e795af4254c6b261daf1f36beb48bb37d4b2db092d45169f3d13d79f1cd
artifacts/alice/evidence/external/beta/TCV_0040.npy,134840,6f354cf21d739542779d64bcf738e2beaf15b4f5d305c96458f29bc8cff701c6
artifacts/alice/evidence/external/beta/TCV_0041.npy,180320,efd4206653effdb1bc7374b12347d0aa4eb165c09993a8f60beb193cc963e006
artifacts/alice/evidence/external/beta/TCV_0042.npy,328072,71045e0470abb429e4331f508c266fa95746f9947b108f2d02bdf1d01a1d10a5
artifacts/alice/evidence/external/beta/TCV_0043.npy,159228,b2d8b14b8ac7ae93d234e333b58f59f641f5751569fdea54d04281ba1f17760c
artifacts/alice/evidence/external/beta/TCV_0044.npy,230328,972f87ec8a07927d502670f9b9f72e7af01f751d01c62c9697681ad377d8fceb
artifacts/alice/evidence/external/beta/TCV_0045.npy,402968,75418589bae5909b9a600954e8b92f7117855e5ae819c15d32e0d9a5020ae4ea
artifacts/alice/evidence/external/beta/TCV_0046.npy,366212,6d681c9878991db62cb388e191eecd58847215c3598400545272e33f96a021f1
artifacts/alice/evidence/external/beta/TCV_0047.npy,184956,988f57e170aea87e28fe7f504f5bddf6ddb81dfae7bea5cec7301c399e028348
artifacts/alice/evidence/external/beta/TCV_0048.npy,267560,a73c8f7a26699ba8c99409727c445916547a711b2033acf1aadf84c39f11161a
artifacts/alice/evidence/external/beta/TCV_0049.npy,305980,d21e77e9083fdc4176670b6136a6b477b7501b59e87a6b6ec2a159954e8588dd
artifacts/alice/evidence/external/beta/TCV_0050.npy,790852,0a025ebabac17feb56be68e7bd6d143a04c4b6c91fb69ce67972e007a3c99e51
artifacts/alice/evidence/external/beta/TCV_0051.npy,158216,c0e6fc5f5054d90790842794e42c622fe43ca662ce8f7dbafc6bceb5df09141a
artifacts/alice/evidence/external/beta/TCV_0052.npy,230396,dec478e697fb0f482570bc46a3857013d98bfe46cb747b5abb7a4f24590afef9
artifacts/alice/evidence/external/beta/TCV_0054.npy,149148,9051ff2d737d65e474847654d046ef2c5ffd604c7c59de6fcec8421833aa6a9f
artifacts/alice/evidence/external/beta/TCV_0055.npy,258848,59361168e4ab611c72acbb715f05248ba8281fbbaea35ac24680a7b82c9f8dc4
artifacts/alice/evidence/external/beta/TCV_0056.npy,163928,1f430693aa5b820df44a77a5fe0841768348a0e412a982cc40c60290c1ac75c8
artifacts/alice/evidence/external/beta/TCV_0057.npy,225212,47f9c2b9a1bee5e7dbb3f1de9949d573d2e4605d9f36b5fe42fb5399a92bb08e
artifacts/alice/evidence/external/beta/TCV_0058.npy,190924,b4d7033f29af78b004105b455eaf3cde87c5c62c24304fd3a8fae9d2837ec087
artifacts/alice/evidence/external/beta/TCV_0059.npy,221584,384439d02a751e8e26497eaa6f4f4402f4c73da80739b83dcae00ee2f161f587
artifacts/alice/evidence/external/beta/TCV_0060.npy,145404,60b173d8c504293b4b87c893d5d60c220b0a2e5d6ee5ea899b6a7eeb8540e070
artifacts/alice/evidence/external/beta/TCV_0061.npy,376408,078e4c7eef71526d697c32230ac98fd72722e14ace06385bf7dba1176b6c0c5c
artifacts/alice/evidence/external/beta/TCV_0062.npy,316004,f9437e71d675c3655d7748092a060e027a7cae25b2f001c2560d0d6b61da79c8
artifacts/alice/evidence/external/beta/TCV_0063.npy,275980,a4a6057efe034845665c3ba8d013421c40c78c353ce2539bf8650e18e91ed982
artifacts/alice/evidence/external/beta/TCV_0064.npy,240824,ba6dbd9e1a590d5018dfd459780e3655b3a0182344c3c8bf588d72b17fb494c8
artifacts/alice/evidence/external/beta/TCV_0065.npy,302836,0fff41081faaca720748cfa5813b1737523e5230cefa49340ca560cb56ffb5bd
artifacts/alice/evidence/external/beta/TCV_0066.npy,228160,4b73750c9d253e1627a0b7aec1479f4930d68087f52d2ca4a7c0fc88d9b3cf4a
artifacts/alice/evidence/external/beta/TCV_0067.npy,257700,8d4bac215baee78501cd07f686e1cd03bb33786d4b5fdd85804e3a6268faef4c
artifacts/alice/evidence/external/beta/TCV_0068.npy,306808,482295de39a13dbe5dab39165c79d65486d56192d38a65e985cbc88d1e92768d
artifacts/alice/evidence/external/beta/TCV_0069.npy,569708,1893326dcb187432a7fe49a78717e07291875b6b3cceb143bcbe807255526c8b
artifacts/alice/evidence/external/beta/TCV_0070.npy,299524,3f8c6655258c03392889951bcf9b42f23975acb6d949fd81936a78969566b0b1
artifacts/alice/evidence/external/beta/TCV_0072.npy,315632,70d2b5e41d101b6c7e2480d619df0ed57f4522520d2be2e180d07e2538a0c51e
artifacts/alice/evidence/external/beta/TCV_0078.npy,85280,6c0a75c1156f8f1b54e6246b84dbf4645c46a8b239dcb8daf05b470e13b42a37
artifacts/alice/evidence/external/beta/TCV_0079.npy,172176,815e9ba632134fb0357c154866d53a56b20709084aed455a7de047aa1547fdd8
artifacts/alice/evidence/external/beta/TCV_0080.npy,163008,97fc519869487b3eefecc939c9e57e730b6f9b1f592ff01052b43a41d0916909
artifacts/alice/evidence/external/beta/TCV_0081.npy,247684,da76e312868da2b26b40bfbd654ff67cf55077c96c1315a06602bf177856b297
artifacts/alice/evidence/external/beta/TCV_0082.npy,190156,3d9d2f53a9c369753f436ef82f4da1b60ce59996e2c69c3617bd2619cb5a7d1c
artifacts/alice/sequence_maps/external/alpha/LTX0176.npz,48199,20606601149cc590f90d2f77ed681e3ac5922e3e58f5070bdfed294c81cac861
artifacts/alice/sequence_maps/external/alpha/LTX0219.npz,99579,902a005dd6faa94cf8cb4d29336b6c8a75215cccb59d366a6f438f5809660877
artifacts/alice/sequence_maps/external/alpha/LTX0230.npz,15850,dc43be97891fe175cb291f421900e70ade98fadf386fe9252609fdaefde5cf03
artifacts/alice/sequence_maps/external/alpha/LTX0272.npz,5552,ac46eea3691ee2ee8624c938abfb3786fa0b0f726cf5cbaa28aaf5e7bbaeea53
artifacts/alice/sequence_maps/external/alpha/LTX0304.npz,27383,3f0b0d7be97340a7d2a9a9efedb0676943422a170e1ddc3c1daf3c70a2475820
artifacts/alice/sequence_maps/external/alpha/LTX0305.npz,27342,bb465305f30bc71f1087bef44270ddea7d06a3228272ff00abca272155c09208
artifacts/alice/sequence_maps/external/alpha/LTX0306.npz,2608,1ad1fbc156b408ffaa53b3b3cc3fd0f20d5ebc8dc9214c3f0b71e2d1490ea1e4
artifacts/alice/sequence_maps/external/alpha/LTX0309.npz,24870,ecd19f1a9c10d7605c845293f21ba18d1fda78d405846385ef408a28be809b47
artifacts/alice/sequence_maps/external/alpha/LTX0310.npz,1963,95dcbd8cdf03edb411e228723b7d0948b1ac5164c24f84b5abf011be2a128f35
artifacts/alice/sequence_maps/external/alpha/LTX0313.npz,5136,fa6c29088329ed0512f5192a821946518f65aadcc60866d613a6fbca96475bac
artifacts/alice/sequence_maps/external/alpha/LTX0316.npz,7302,d905ef4db9aac00808c512bc7302f974f9a99737bb8c651d5ecf80893fca7b2f
artifacts/alice/sequence_maps/external/alpha/LTX0323.npz,47815,726a211f6dd7403d013a5e9d84718efdbf9986970a2644788c680fde231a0479
artifacts/alice/sequence_maps/external/alpha/LTX0331.npz,2031,19b895f002699213e4896503429a72b249554ae31b2662e3ca9013cfaae08f66
artifacts/alice/sequence_maps/external/alpha/LTX0336.npz,11883,d898cfccd2136cdbe4b063df6d993240445fafcad42458aeb2051b29f17bf395
artifacts/alice/sequence_maps/external/alpha/LTX0348.npz,70788,d0785354036434c4a9912a78fa829e3925c5ffeecc8790b5ddf538b8bc12186a
artifacts/alice/sequence_maps/external/alpha/LTX0351.npz,6798,4fe917d7a18b8b5b18fc7272ec7f955bd4c542296099e279fd1317cf47253989
artifacts/alice/sequence_maps/external/alpha/LTX0353.npz,8922,8e263cf6b7c8e1800f146f2c550180a72eaf494aec185735fd7924a1aa0bb856
artifacts/alice/sequence_maps/external/alpha/LTX0369.npz,12352,c881bca7678072df9aa35ef688f9cc8628f63640352b454f4a357fca483abc30
artifacts/alice/sequence_maps/external/alpha/LTX0383.npz,14620,85ec1fd96c6b4a179ec977182d5859829c987f070fcc97c7f23e36fc7fe87bf9
artifacts/alice/sequence_maps/external/alpha/LTX0411.npz,4017,52bb6d0d5cdd69aae275ed2ffcdc2158cb401e4eae0c52ce0da4c98986ca1607
artifacts/alice/sequence_maps/external/alpha/LTX0442.npz,939,15fcc4f69d9b6c2e5f9fd8686a4e004a2a838f2b6a9069a7ce6b42d92c2fe633
artifacts/alice/sequence_maps/external/alpha/LTX0474.npz,20791,c743ee1e32bce33f704a60e069dbe8043bf7156a5cb503f15a2289e371bc4241
artifacts/alice/sequence_maps/external/alpha/LTX0479.npz,9402,752de45af5c9b368151247609a56b0c832168475c6c8ced0f35256d999c1a0fe
artifacts/alice/sequence_maps/external/alpha/LTX0485.npz,51995,82ea3e70ccd4f9ee1a386cab9a167ca13c44cf0cee104e33dd62f2d4d6d3d569
artifacts/alice/sequence_maps/external/alpha/LTX0535.npz,23341,491fe20c98069deebfdbc2d116920018314e8852877c1b49d031135c0cf95cd4
artifacts/alice/sequence_maps/external/alpha/LTX0538.npz,4665,438bfc47bb910735b59cae75e194a6db2f15718bbc3b4357afcff394deff17f3
artifacts/alice/sequence_maps/external/alpha/LTX0560.npz,23414,cece0d4baa50e92371932246a952388d3aa37b9e955e3c0d9be54c9830ba897a
artifacts/alice/sequence_maps/external/alpha/LTX0572.npz,23307,d616a9dae483b88d3cf0359600514e29607f8e6ea0f80986479762313aa926f5
artifacts/alice/sequence_maps/external/alpha/LTX0616.npz,12566,efc0a75c81d5c0c85b4eb052fde4b5f28e3c80c0c4cd0e2314f67777ba25b891
artifacts/alice/sequence_maps/external/alpha/LTX0648.npz,5138,97a68c6a4d4fa1163ef5b6733e8efc8dcb4e7a8d5256e6b0be228c940bc8e850
artifacts/alice/sequence_maps/external/alpha/LTX0652.npz,19072,3b1bde6a072fc9d4123acdfa24376be81665d81f9c6ea9f15b23ad5c6c0e5e4d
artifacts/alice/sequence_maps/external/alpha/LTX0672.npz,2332,3fbb6018eadfced936f3b4396ae20939ea1088246c00151b893765b1c5c7906b
artifacts/alice/sequence_maps/external/alpha/LTX0674.npz,3460,c4ef397403fa66d02797ddb1b355370ba23a21f0ea1bac341a5743f0e750a917
artifacts/alice/sequence_maps/external/alpha/LTX0678.npz,3190,48688429a4eac3e1a83e6158752c91461f1f48c4125a8d4a0259db0da62c5eb0
artifacts/alice/sequence_maps/external/alpha/LTX0733.npz,9014,4e2df4efd3dc260e12803816e4c3381fb05026f476932f0213a670bdaa9e24e6
artifacts/alice/sequence_maps/external/alpha/LTX0782.npz,26580,c960a55087d30e4addb3c89d98be7a3e9ad7e778b7c08f8881777cb91c86ebb0
artifacts/alice/sequence_maps/external/alpha/TCV_0001.npz,48779,2772ffed99553d2dd9d55797e64717dcdaa0f0c1a355c640d83558786b4dcc27
artifacts/alice/sequence_maps/external/alpha/TCV_0002.npz,66010,2668524f25efa02cee84fc380bc8f764f0a75ea3e78831137e62f5828d20e053
artifacts/alice/sequence_maps/external/alpha/TCV_0003.npz,50978,771c6897e449d618c483b2dd674b76abed77f98229a90f6742858df104543e09
artifacts/alice/sequence_maps/external/alpha/TCV_0004.npz,60147,996f0d30440476fe61da9e9a84318d29bda8f57d1fda00ba926a962335f93ab1
artifacts/alice/sequence_maps/external/alpha/TCV_0005.npz,47169,e1c75db740a40054b4cfb2c7924c328073ac526ad6c9f4f97f6040f4012fd2fd
artifacts/alice/sequence_maps/external/alpha/TCV_0006.npz,43590,74f7b5e84d924f81dfd0d003c1c6a0a3db02d5e9dbec31135a26f9c5fd4028f8
artifacts/alice/sequence_maps/external/alpha/TCV_0007.npz,31161,4a27ce94f28c3248aa31a7b68ceeb9453de5257cf70917ccd09e2e84ea20a9d2
artifacts/alice/sequence_maps/external/alpha/TCV_0008.npz,83038,5b0df28f6eddff6efc460b5056bdadcfa768c92464949c586d10a6ec87780f33
artifacts/alice/sequence_maps/external/alpha/TCV_0009.npz,46573,5b037ec7fa26df8af43dc80562446a5f5a6c0661eee759957f1256c2a320e41b
artifacts/alice/sequence_maps/external/alpha/TCV_0010.npz,59237,7885ba2a461f13929d841f5bca3456df7091a6a2a4b13c6a9f6bd8cb8a32b2da
artifacts/alice/sequence_maps/external/alpha/TCV_0011.npz,37442,0ca7d95a6a82bb2a65fe9970c43e028b178c75eb28d9e7a51e5bf0fa3995de32
artifacts/alice/sequence_maps/external/alpha/TCV_0012.npz,43011,e8800d4a160929429e045a2cd339ca74573fc68b511e0b2144211e70dcd98fa6
artifacts/alice/sequence_maps/external/alpha/TCV_0013.npz,31675,3782c41dffa91f0611bd3545807e7de4f2ae3487842cba9c079ca4a97433f47e
artifacts/alice/sequence_maps/external/alpha/TCV_0014.npz,30617,8a863adf75d99639303a23f2241905aa59c52ca0ccc77ec6c4a0a4e223ca8077
artifacts/alice/sequence_maps/external/alpha/TCV_0015.npz,41652,8a97cf05ffb53b685eb5e0822161d98ea04828b045e1e77b77043bbaa7c0361f
artifacts/alice/sequence_maps/external/alpha/TCV_0016.npz,45714,26d3e52f454c7afbaf6f5dc7168c85d3e095fc0004c25492bc08ff32f6a812c5
artifacts/alice/sequence_maps/external/alpha/TCV_0017.npz,35402,929368f2bc509ec8611b8e70666e4b5b5351062d0f8548ac3b09aaf0846930ec
artifacts/alice/sequence_maps/external/alpha/TCV_0018.npz,32779,268e91c273e0d2f353d7d57b11e9148f4df8787b454d532840c21b38f8cceb98
artifacts/alice/sequence_maps/external/alpha/TCV_0019.npz,41628,84121c01b076d269b2ee4dc01183da95fac016c131d82f74be0fb647eb1c6335
artifacts/alice/sequence_maps/external/alpha/TCV_0020.npz,43378,f30dee38e1bef8b3ca18c71403a77e2d27d17c74516d309f3a1ea108cd355d90
artifacts/alice/sequence_maps/external/alpha/TCV_0021.npz,49565,0b43616292ec4d2f978fff29781bc433c05ec1bc58f8089a9679bf3706d3bb43
artifacts/alice/sequence_maps/external/alpha/TCV_0022.npz,44325,098c024f1c19f9c1bd367d7c407a0772f06775c535530fc3a9bc815746207a89
artifacts/alice/sequence_maps/external/alpha/TCV_0023.npz,5565,85ccd6d3018566f44400cb86c45fa1e62beb9ae249f457129e3891169d342ff8
artifacts/alice/sequence_maps/external/alpha/TCV_0025.npz,59189,a0f7e44cfbdaf16521c96a0107400bc690e862ee1ac84412b0784de74444f08e
artifacts/alice/sequence_maps/external/alpha/TCV_0026.npz,36856,38411ac92ba842321d2188d2a3f4c79d2a4768ddb298af921881db712bec949f
artifacts/alice/sequence_maps/external/alpha/TCV_0027.npz,40851,1393ecc82189bcbd9336fc6cacc739f951d5d685ac02bdd65b084f46e165de2e
artifacts/alice/sequence_maps/external/alpha/TCV_0028.npz,51424,feb2b6b2c0eba450fb83abd9ef741d6832a7e9b2ce431eef8165db30ecef056a
artifacts/alice/sequence_maps/external/alpha/TCV_0029.npz,45068,31162694d96ab6d3a83f00cd6328147489db5cf9cf78700bdd2d925d2734a86d
artifacts/alice/sequence_maps/external/alpha/TCV_0030.npz,38383,4c99126f3b7b9453017e5f5e147c4b651ed913d280a83769d259141dad8b1144
artifacts/alice/sequence_maps/external/alpha/TCV_0031.npz,61247,395b3cd324adb15cf9cfd5c7bf8be7c96792c4c8fe9f50de18d7749b76fe44a2
artifacts/alice/sequence_maps/external/alpha/TCV_0032.npz,54855,10d51bea6bc6202c829aa95b3a9e045fb2b20086925082058b0cb7c2dc594fbf
artifacts/alice/sequence_maps/external/alpha/TCV_0033.npz,55515,a2052acdd3cc916b2d8aee67c7b20b32f5611c6ba8abab2c76ad479d2bd1a31b
artifacts/alice/sequence_maps/external/alpha/TCV_0034.npz,21285,863a97a8c1f76d68fb5b6d2d34179d799cc4c51a80cd717fdbbb0a0f41811189
artifacts/alice/sequence_maps/external/alpha/TCV_0035.npz,59104,3bbbbcf212524d9ea4f68c3af311e00b063ca6af3f80559792441c27c57aa8f0
artifacts/alice/sequence_maps/external/alpha/TCV_0037.npz,56975,ece35aee178b8dfca283def1a2de137a0c034cbd37e5ef5313b8b72791565049
artifacts/alice/sequence_maps/external/alpha/TCV_0038.npz,66856,d59184e568ec29e7ff660c3c989cd41aff63ae6f9700bb56f558cb671413dfc2
artifacts/alice/sequence_maps/external/alpha/TCV_0039.npz,64677,37c19774df390ac0f77f7f8de8665ddf34cb3a33d8eddca68391a75a9f48b336
artifacts/alice/sequence_maps/external/alpha/TCV_0040.npz,47821,8ea22780c774b86ef32c7b04387e224c7fa541fd4a7e2e34b673f3a04ff56c2d
artifacts/alice/sequence_maps/external/alpha/TCV_0041.npz,51469,c6f118b056f72f5fd21979917df070afa1ff5627b0a013e27f447ec8cb0acdc8
artifacts/alice/sequence_maps/external/alpha/TCV_0042.npz,67721,de980f1e46d15b9dfc8df451faf640e3ea8ba689f04af72c0c48b21c2b5be939
artifacts/alice/sequence_maps/external/alpha/TCV_0043.npz,46290,1961fe8a4a277dbddccf67e4bd2d2afa1db99b5db2258bc363b7bee6aab81101
artifacts/alice/sequence_maps/external/alpha/TCV_0044.npz,63345,24d9c023a4203dbd3a29702a91d48647f2ae00a1d487c39f1770c3aa8a3c5f9c
artifacts/alice/sequence_maps/external/alpha/TCV_0045.npz,132303,9049618d24fa504b19028167bc2bad654740cbaa3f3d579f8b7f25aa6a1fe3bb
artifacts/alice/sequence_maps/external/alpha/TCV_0046.npz,97205,c39d53f1374a7a56d2c4431a1c98be2339a6380ea87daee582b4a17593bf4f7e
artifacts/alice/sequence_maps/external/alpha/TCV_0047.npz,50136,fac9bc210582f70423028756e5aeedbe76cf08d1feb3b68469cd3c03a2b1a26a
artifacts/alice/sequence_maps/external/alpha/TCV_0048.npz,61490,1295f6a768f26a4c4919b44d33efe30e0401797acf1333f4c40909d50e321fdd
artifacts/alice/sequence_maps/external/alpha/TCV_0049.npz,82550,b5955540df3532135631f3845ca39f1ff8c325952788b634eedb02e90a2dd0b1
artifacts/alice/sequence_maps/external/alpha/TCV_0050.npz,79053,3b921ec094f844e67c48ab2add1ea27c5f2d5ae3f6686e8a15cfbfc980202818
artifacts/alice/sequence_maps/external/alpha/TCV_0051.npz,69666,e2399361fe67648f5c98a67f9f198de5c4c5504334597f5bd3c1c517ce0f13c9
artifacts/alice/sequence_maps/external/alpha/TCV_0052.npz,62055,5f240fec13030a631bb7ea7920840f7c452505368834c750db35bb42c96ded20
artifacts/alice/sequence_maps/external/alpha/TCV_0054.npz,47764,5c8b5aeb61cc42d6d801c842f6a36d54256288a479bc2aa5bf0ba45191ef55f9
artifacts/alice/sequence_maps/external/alpha/TCV_0055.npz,72955,60783e4255498cdb80f200aff7155b7452c6ddc2844672bd324569c0ef4d86ea
artifacts/alice/sequence_maps/external/alpha/TCV_0056.npz,48732,2a1d6f5717d13867338e445383694f3e857d0ccf0a7f1094515f697a3faf6ad3
artifacts/alice/sequence_maps/external/alpha/TCV_0057.npz,52855,80a23b6ba29deb7a545a42bd9d7c0e141c4f86d3da889237f906c9e0fb414338
artifacts/alice/sequence_maps/external/alpha/TCV_0058.npz,52440,cb2bbd768d386743b1317accfcbcb3dadcbfabf505b5894d34615cd2a6958ea5
artifacts/alice/sequence_maps/external/alpha/TCV_0059.npz,51942,872a3d879c79c22bb2622a7011463da58fb739d8a013cf2701783964c65f08d8
artifacts/alice/sequence_maps/external/alpha/TCV_0060.npz,37072,8a8b54e39dc17f1235ba7ce13d3eccdea8b7ba59c3bb0677e2ca483d296cf146
artifacts/alice/sequence_maps/external/alpha/TCV_0061.npz,119880,2a864b00d1d75c2ed7af360d54b282e851a90d3b48f0693c1156cddf2bad7e8c
artifacts/alice/sequence_maps/external/alpha/TCV_0062.npz,28626,0a30078559ace072a0c928c6c8b6a08156f8ea70462fa54480763984b2a67ff1
artifacts/alice/sequence_maps/external/alpha/TCV_0063.npz,64763,d6c9dece6e84af073195cf7d107ecd1723bdd0fc4d1e3793976e8bc6694660ab
artifacts/alice/sequence_maps/external/alpha/TCV_0064.npz,63866,ef3978c6ed63ca2b71b3fc2c9eebd2c1883119e1bdd2f47a17358203f43d0ab3
artifacts/alice/sequence_maps/external/alpha/TCV_0065.npz,70287,ce336b01bf03f4c6496a0483b059eaaaee029a50f7bf2f22c8a3a4e8ba5f28d5
artifacts/alice/sequence_maps/external/alpha/TCV_0066.npz,11970,3565b7e6b6287176146a52f2ca011bf9c33914091f94b0c5b2e8d854e68d7528
artifacts/alice/sequence_maps/external/alpha/TCV_0067.npz,61956,93acd9df3b85e1d13377e5ce37f55e241eeca69312b8a30ee267f17837d85a7e
artifacts/alice/sequence_maps/external/alpha/TCV_0068.npz,94155,8564406cbc18377c9e76f6bb8e1daa37c77ae45a2f88103a7212158b6fe6c30d
artifacts/alice/sequence_maps/external/alpha/TCV_0069.npz,101619,8afdc3bf9869b53351e34e3d405c0720d780f87f6c26d1bb1d4ab4af2b759ebb
artifacts/alice/sequence_maps/external/alpha/TCV_0070.npz,88892,1ff1db75cfead6477f18929bac4e7fb262423b5085f309cd05265cbc232431cd
artifacts/alice/sequence_maps/external/alpha/TCV_0072.npz,77522,531fe5dc90af2882b1c3f5eb1ace3cb4deb0599d8478bc47870e6ce326155768
artifacts/alice/sequence_maps/external/alpha/TCV_0078.npz,23377,ac4b2c9fbde3dcf1ee85ee570d2fe16e42e9f7fd0912f7d1ebfe68ed705a3754
artifacts/alice/sequence_maps/external/alpha/TCV_0079.npz,50339,8d2bcfea59935683b1cade5904f7b0342a5d19df3717f57c4b80a0d765a212ff
artifacts/alice/sequence_maps/external/alpha/TCV_0080.npz,43855,c5f77a6aa4dcf16884e3a1fca1771a1742e9344c9387eff17e1553a088935062
artifacts/alice/sequence_maps/external/alpha/TCV_0081.npz,56749,de80cef41c134dcb72b74bf6403500feac97d990eea0062dc4559bf759bb5224
artifacts/alice/sequence_maps/external/alpha/TCV_0082.npz,46914,36488e9421e982976f4cce7cce8bba6ad753aef1781e6a699c41d0a30604a576
artifacts/alice/sequence_maps/external/beta/LTX0176.npz,81147,614ee803e9a144a58541a5314192a2e049539d4aa5480ee900d6eb72169ddef9
artifacts/alice/sequence_maps/external/beta/LTX0219.npz,208935,d76e9b4a6ae580dccbddf725dd30525ee69922743486b6dcc8c3102775c64ccd
artifacts/alice/sequence_maps/external/beta/LTX0230.npz,34197,3a3607faf92aa04c0d72470b537298792f8db49e557d923d51395e165f7a8f17
artifacts/alice/sequence_maps/external/beta/LTX0272.npz,15662,850b226f893fbe3abcc7519e579253d8f6410422662c2d4d66819baf7b751260
artifacts/alice/sequence_maps/external/beta/LTX0304.npz,37021,f77d6134cdbc8564d4647e8723c47bc3fe05e801888eebc3a9b3b9e3f89d95fd
artifacts/alice/sequence_maps/external/beta/LTX0305.npz,44964,b861e65091135058148e2f5f215ddbabda8ee2b00c9e9ff7f7b33c88d39adfbc
artifacts/alice/sequence_maps/external/beta/LTX0306.npz,3739,e798c854798ea68441da0b3aef1f37bf8d37591c0c41d98461a8e431c9beae65
artifacts/alice/sequence_maps/external/beta/LTX0309.npz,45007,bd05d104fea7c7dd4981762c505c3dc7c99f71f8a6480bcc8f615194a48cc34c
artifacts/alice/sequence_maps/external/beta/LTX0310.npz,2483,1480129292b4a7f51a536d4dffd575e0032ae45c7c9524096380706a06303e8b
artifacts/alice/sequence_maps/external/beta/LTX0313.npz,8017,0cc03e8a54d5a3976f0f792348d92fb6f0108a4cc9bad574c6852929c8a78ea4
artifacts/alice/sequence_maps/external/beta/LTX0316.npz,23568,97733b7ff79b33d05496f37ed1d40d5f3c15689319a0cb5aeb449914b0de3157
artifacts/alice/sequence_maps/external/beta/LTX0323.npz,83897,2be698151df078d415c5324966a1080d65137ba17094ec5fed3eb712a251eef8
artifacts/alice/sequence_maps/external/beta/LTX0331.npz,5621,75840f38c39aa5fe1105e4215e3dc571c548b8142e4087d4c05790b1db43d832
artifacts/alice/sequence_maps/external/beta/LTX0336.npz,19984,157be4f21b084a2f1add9ad56b63eb5c00b337394db522c32827af799d7549be
artifacts/alice/sequence_maps/external/beta/LTX0348.npz,157403,bb3ecfa2b700f2a8908be4cab91c36d1a291a6815ef1cf0ece0fe8424196b74a
artifacts/alice/sequence_maps/external/beta/LTX0351.npz,18776,e892a75ac2a23dcb3251607a3e2341bf81f229e8d69c86f5b2dae7f8e009c227
artifacts/alice/sequence_maps/external/beta/LTX0353.npz,12459,b7a9d3a3903a04bec303e0ec4ecc1cce8657f6f23bf1307a7ee6ee43c8fa9a67
artifacts/alice/sequence_maps/external/beta/LTX0369.npz,22249,2597620c86062d9298fde6b792fd2bab03f3fc91af4b955d5a74638ed44a2ee3
artifacts/alice/sequence_maps/external/beta/LTX0383.npz,26660,eb72f83495cf031117d293dd35e47648e041c4788dcc7cc0e2ef2287e6264083
artifacts/alice/sequence_maps/external/beta/LTX0411.npz,12493,0181343e4c0c3e62315df96b40a3f83d883f8ab977792e53577eb08351f2e0f5
artifacts/alice/sequence_maps/external/beta/LTX0442.npz,1788,2dad4e019d3e6451e3b4f16b63dcc8a21fbcc06513f9f70e0750e31b13ed98ca
artifacts/alice/sequence_maps/external/beta/LTX0474.npz,28458,90bad3a5b9e227e7d575da911cccc16f5bdb9ff24bc6463af7245a4a678a882d
artifacts/alice/sequence_maps/external/beta/LTX0479.npz,19291,3f99e863028bedc125457ef88cbf90a7ac8fb7fdd9cd7369c059c8c86d139a7b
artifacts/alice/sequence_maps/external/beta/LTX0485.npz,110207,a43b62fb4719106a78d40549c0a9d338d5c00ba1bafdf3af3bb3a7298df9f478
artifacts/alice/sequence_maps/external/beta/LTX0535.npz,34378,73abefe90612f9a6354efd8d15456ef691a03f5f04d2184e2c4b470c68cd2b89
artifacts/alice/sequence_maps/external/beta/LTX0538.npz,4192,3cf97e50c83a018c3a16e4562c35630ce4e8e0717412c26ff26d69836649c853
artifacts/alice/sequence_maps/external/beta/LTX0560.npz,37997,7d6d79480ca1339098e68a4362ff58ec0f76fc6d05e5e4b1e5db0848e13b65a0
artifacts/alice/sequence_maps/external/beta/LTX0572.npz,36776,2b8bbc7900b7abc3f8b76c181255d3099d572365c58a2dfd4df18e8af2af0916
artifacts/alice/sequence_maps/external/beta/LTX0616.npz,23604,0ee1405b029b48f9ae80c1805c3134765fced3f57c24db581066f3f96d0d0aae
artifacts/alice/sequence_maps/external/beta/LTX0648.npz,6712,e876de89d1d23ce4ff1355e8dfb72be9ca2a3b220a3f9daabeea91c101bc29c5
artifacts/alice/sequence_maps/external/beta/LTX0652.npz,37019,721011566dd5049981b46b9ac88957a1b1cdeb802124fc081b9138f3cef5755a
artifacts/alice/sequence_maps/external/beta/LTX0672.npz,6839,58115b9f2a711e121134d9cb52994d49e277e04ac1a5c31b78336f19685f8906
artifacts/alice/sequence_maps/external/beta/LTX0674.npz,6935,3ae754449d121fe13e852f0f175aae1146b18657621bd478d835abba3e059644
artifacts/alice/sequence_maps/external/beta/LTX0678.npz,5885,ac9daea18b99b49d8c9ac156c3fc68dbd77cf1046ad8ca37018ee736e8b5ac48
artifacts/alice/sequence_maps/external/beta/LTX0733.npz,14029,d9251c44a62a4dbfd6430e4cfcba1ed70c67cc98d7d49bedb07d4c61b14aca0c
artifacts/alice/sequence_maps/external/beta/LTX0782.npz,45541,380f2af312a4b580427a6b453e8132ac6edbaacb4ddddb07fdf9a71ce3ede782
artifacts/alice/sequence_maps/external/beta/TCV_0001.npz,44838,e00074e1a494c5d3a2330135af4e43690a571f9e7a7492f3c9f34cac72fba8cb
artifacts/alice/sequence_maps/external/beta/TCV_0002.npz,123269,2fc25871e5e9e0120f5a62fefe3ef16a3da5903ad26846ca78de5ee1365853f7
artifacts/alice/sequence_maps/external/beta/TCV_0003.npz,63186,6b6037f4400c7596d1d015829a1ab70ce1e65949ce96f67c25f277ca2c004b29
artifacts/alice/sequence_maps/external/beta/TCV_0004.npz,81067,8d89d2722c8bb7300a37c9f6176700f114f6644a8d284fc8cd09da9991ec6f6e
artifacts/alice/sequence_maps/external/beta/TCV_0005.npz,52364,ed55f2f31ccc53b992335265c96a29701e9199182ba93a5ea61f0f8afd09f463
artifacts/alice/sequence_maps/external/beta/TCV_0006.npz,68866,7f9537f75001be6b9208ab6a4704ae31ce48bbb87c6edb2f8213ac8340e5eab5
artifacts/alice/sequence_maps/external/beta/TCV_0007.npz,38646,212f30783f2f56deefcd7642abea5e269971f91bf02178b03868a60094f5346f
artifacts/alice/sequence_maps/external/beta/TCV_0008.npz,64864,27b66308cbd6a62004929cf962100f618c09dbc606d03de701a1f50528b7e25d
artifacts/alice/sequence_maps/external/beta/TCV_0009.npz,57945,cf5510e00e546c3265d9fb081a639e5d7a833a9d513fa4a2c6684ac08eb4ec11
artifacts/alice/sequence_maps/external/beta/TCV_0010.npz,51672,2645f35969a0b0102228fd619ee60fae232382e852a559721bbf4de8b29e0f71
artifacts/alice/sequence_maps/external/beta/TCV_0011.npz,34305,56ec819d83aced8a4e63e8191a7713f38af520a939f6b6cdf6b0056edef2ed76
artifacts/alice/sequence_maps/external/beta/TCV_0012.npz,54866,676e07904def551db6fd8ffb86a5367a96bd0b6e91cf416f125d6a1d58b83c82
artifacts/alice/sequence_maps/external/beta/TCV_0013.npz,32739,f2f28c4d68ca28fd5656e787b1b91a4113204608fb4a89ec6de5a19700cf8d6a
artifacts/alice/sequence_maps/external/beta/TCV_0014.npz,33043,4c08f8c621d29cc0c90a9e6d6c61029926eee5206df319abf20b29fc989ed4cd
artifacts/alice/sequence_maps/external/beta/TCV_0015.npz,48068,7470310398dce7067becd3915a36d0be4ad511ed7cbabeb51f0d7e75f29afa65
artifacts/alice/sequence_maps/external/beta/TCV_0016.npz,41029,c096d9f9d72c808f9253709c2e6847ca7f2d9f95e5b78dfadbf271da2f554a85
artifacts/alice/sequence_maps/external/beta/TCV_0017.npz,47063,4f043b448e113f849c775e9856a7be1c21221de4f9becd21e82111e327383ac8
artifacts/alice/sequence_maps/external/beta/TCV_0018.npz,31075,585e90415cdf706ab7e85b66e5c003cfbafd07a6098e7d50abd267f4c70b039d
artifacts/alice/sequence_maps/external/beta/TCV_0019.npz,44201,3890f2a5af1aba1bfbf7ecd99c8dd45a44bd008425d11eeee1206ddfa397b1ed
artifacts/alice/sequence_maps/external/beta/TCV_0020.npz,49916,9ae123fa2304019596b82b1355937b790462cbcb0c499638eef08040aae6df7d
artifacts/alice/sequence_maps/external/beta/TCV_0021.npz,57482,13574a7af830df768020bda9698b214715e61baa43d1d213a97ccd2e9a461b2e
artifacts/alice/sequence_maps/external/beta/TCV_0022.npz,43934,7d2365678ea820391014fa01fbd752b6156ab07a63cd744d37fb9011e721b79e
artifacts/alice/sequence_maps/external/beta/TCV_0023.npz,85747,5eb79ec9d4645a65a0630d3aeeec28b59973fafacd4a98bcf4754834c43d556b
artifacts/alice/sequence_maps/external/beta/TCV_0025.npz,78611,fbff60fcd79fa079241edc79d65ede8b6c5ceeb056c88c7b2893d86fa4bc9509
artifacts/alice/sequence_maps/external/beta/TCV_0026.npz,45333,7c2d7c13307d7a3e2193d754f6053734ec4b0ecf797335ad1db8efac67015bfe
artifacts/alice/sequence_maps/external/beta/TCV_0027.npz,43200,5ae8576f7dffd5adfe2847e7d8d02bf48436dbc474c9f18019fee3fc4f89555f
artifacts/alice/sequence_maps/external/beta/TCV_0028.npz,73210,3c7e46ea4deb19dc3ba3490ae6856f2d20639073281aababc90aa5b211a09fbb
artifacts/alice/sequence_maps/external/beta/TCV_0029.npz,112372,ead9f935aea0e56b1332436b4f49a6af7d531c6517cebfca7f35858f2b9cd3e7
artifacts/alice/sequence_maps/external/beta/TCV_0030.npz,55559,79ec31e7c1e226346acc5cbb918dc16a1d7684c4b15c17cb6c3134fe54cac32c
artifacts/alice/sequence_maps/external/beta/TCV_0031.npz,98209,791424b097e1253a3650213109b08579ce3f1643a67abf95c82b3fc325fe73c1
artifacts/alice/sequence_maps/external/beta/TCV_0032.npz,74632,ce3f9a02e0af45f06beb692685f28c3e13d65a6c7facae5b294792664089c337
artifacts/alice/sequence_maps/external/beta/TCV_0033.npz,62332,42eeb7bbc6599abb25ab787452d98b3d9ff9b4cdfedc213eacf601444a3e6475
artifacts/alice/sequence_maps/external/beta/TCV_0034.npz,26373,b4253d5328986417bc03f581e75954df50b8cdc68cba0f0bfdd4029bb3a6ca22
artifacts/alice/sequence_maps/external/beta/TCV_0035.npz,68947,4017da09bab84422512344e52627c6c1ece2d974dcac4c6fc575b04fe72e55f7
artifacts/alice/sequence_maps/external/beta/TCV_0036.npz,65853,798cb7d59e66d463a5c6f149fa1506d547181894da34fd6fd3ded2af0fdb997e
artifacts/alice/sequence_maps/external/beta/TCV_0037.npz,82497,c6ca45d9a36a5646d5fee4a4b75e600889d4a6af28f8d7de4096131390b1b8af
artifacts/alice/sequence_maps/external/beta/TCV_0038.npz,92213,3ed64834126628cfddce658c5c189919b26feac75122848aeef92d7d3a1117cb
artifacts/alice/sequence_maps/external/beta/TCV_0039.npz,76718,fe54ed5698eb151eca9ee03fa5e54c289d3cafb9434cb21b993270d5f1cd4277
artifacts/alice/sequence_maps/external/beta/TCV_0040.npz,47389,e56bdad51533051a682be2bfca13086e817353ca09db20450eceb9bd15ee5cb4
artifacts/alice/sequence_maps/external/beta/TCV_0041.npz,63129,d058b6b68bec0940cb0f3d189b6e83f555b6c88925d673cd926913895657784f
artifacts/alice/sequence_maps/external/beta/TCV_0042.npz,114326,fb7c3033af3838d3187a81eba50a4dff18836c2761380ee33ed57ca76a70eaea
artifacts/alice/sequence_maps/external/beta/TCV_0043.npz,55820,e2598d21805de009112020d2c24523d261f342fb8f59823b49798f2c6257ef2f
artifacts/alice/sequence_maps/external/beta/TCV_0044.npz,80522,73ac09df99dbf3a4d44e23eb8f0b88663357894aecacdb4de692f3b9f2919184
artifacts/alice/sequence_maps/external/beta/TCV_0045.npz,140443,9aca4f89dd4161348de7f649e9b8531633c786434669aa8b164505d99d0e0e87
artifacts/alice/sequence_maps/external/beta/TCV_0046.npz,127541,2c97d2fbee8780985d5341490aaf06f0089deae056c053dd97284c5de988876e
artifacts/alice/sequence_maps/external/beta/TCV_0047.npz,64794,10a776af851dc4c49699943f681a367aa1bdde584fcc4f4be1bed28a8bf9e3db
artifacts/alice/sequence_maps/external/beta/TCV_0048.npz,93368,f3e685a07f5fcfad4f4afca7bdf287f38ae0d53eb471ba0fa9e7c07313201276
artifacts/alice/sequence_maps/external/beta/TCV_0049.npz,106707,49127b35cd2913224164980871fd96ea4b708e8d868c0a501df1673064067735
artifacts/alice/sequence_maps/external/beta/TCV_0050.npz,274846,2401c6a2da46b3c77f18e77daa9a4512501e2f867f293a2d4bb566b417678d62
artifacts/alice/sequence_maps/external/beta/TCV_0051.npz,55491,8f020cefda1f3182b8da0c28d5fa465c5b116f0d837e2e0977a5dfc6c293617e
artifacts/alice/sequence_maps/external/beta/TCV_0052.npz,80521,a7a6fba3154f737d2e0e087141f3fb663900478f8593bc6dbc8b49696e07310b
artifacts/alice/sequence_maps/external/beta/TCV_0054.npz,52330,31937f7671a0c72cac0e7be66ae6fc06c29fdd998efc6f16b1e60c7a1d239185
artifacts/alice/sequence_maps/external/beta/TCV_0055.npz,90306,fb6ced882ac18c90107003488d12e9d017ed466f601ea1830a4e5f6d29bdeabe
artifacts/alice/sequence_maps/external/beta/TCV_0056.npz,57442,98c7ff106a22d79fe6ec6bccc664d4255f6d819ea945fe6046fbf9deea2fd2bb
artifacts/alice/sequence_maps/external/beta/TCV_0057.npz,78652,2e14f07e65647ff2898b13cf5cb3a7d52fc8c7d23c2c873fde4d6533237549b3
artifacts/alice/sequence_maps/external/beta/TCV_0058.npz,66803,2969b21ae9e4e094e630182a4ebff39d67ee085973e2f4142e162ad73e4cc129
artifacts/alice/sequence_maps/external/beta/TCV_0059.npz,77406,7e91cadb4c03dffb41881cd321bd4b447d2bab40a1a44632d25aef9dd8adabb5
artifacts/alice/sequence_maps/external/beta/TCV_0060.npz,51123,1cc4204f012c0056d1ce0e3733b639637107fbfe97edb33afe1aa5977943beb4
artifacts/alice/sequence_maps/external/beta/TCV_0061.npz,131166,372dc26c866a24c77a2fc03a4f5f067cfc3ac3cf0f173030658efc72468c0ac6
artifacts/alice/sequence_maps/external/beta/TCV_0062.npz,110192,1e176a40aacd2b63424bb96a7f3fb1b1fd8dfacb68f520c1bb722e0eb79e0a5b
artifacts/alice/sequence_maps/external/beta/TCV_0063.npz,96277,f1154e1ff20c79d7a31c22b0c72aafbf97e390a0df9a85f0d2323f5746810634
artifacts/alice/sequence_maps/external/beta/TCV_0064.npz,84131,acefe5132872616caa7b3d02fdf45e9039c34d998932f5b850517fe238c53e35
artifacts/alice/sequence_maps/external/beta/TCV_0065.npz,105594,532c2bef799cdae375d190aa21c7d52b2b5be87c6b50b461889feb1310a74642
artifacts/alice/sequence_maps/external/beta/TCV_0066.npz,79762,dce77ff521c59f3c8c87698f81aae53e5e4022143109fd6ca66d550d6ea74585
artifacts/alice/sequence_maps/external/beta/TCV_0067.npz,89946,e76e76c4b0267857f4b0bea2a0357dd0be5a0a2b784f28590dbfa6626a3a1f60
artifacts/alice/sequence_maps/external/beta/TCV_0068.npz,107039,e65bc4668be38e44896ec1bc31b1eac10ed1f52770d91d6f0034c3fa160377f1
artifacts/alice/sequence_maps/external/beta/TCV_0069.npz,198220,1412b82b44438e7d258053405f03d9db5b6126730705ad6dfedfaf5af65cf080
artifacts/alice/sequence_maps/external/beta/TCV_0070.npz,104526,773f3a7f4cb46bef27b802d645c8babbb517144cbae75da110d3a2f6422f698b
artifacts/alice/sequence_maps/external/beta/TCV_0072.npz,110132,4b9243b45056682702480a279bf973f53b49a9246ae8d3d7b9b5070351b99d6c
artifacts/alice/sequence_maps/external/beta/TCV_0078.npz,30258,707ee6c7f65a2af177d0e1420a81118ef1059f00b92eafb2bd4b4b6f1f7be1a2
artifacts/alice/sequence_maps/external/beta/TCV_0079.npz,60320,cb84a236d0307a5eca2c0f5d5a19a7933cbc87ce42c6bf4edf83858aa8daadf3
artifacts/alice/sequence_maps/external/beta/TCV_0080.npz,57113,0f0fd23d7770d63583d67eb10d5251b6c7d2912057d6c4e888a54967594e3eee
artifacts/alice/sequence_maps/external/beta/TCV_0081.npz,86458,3c9764138f7eb2d7f52e215b264c6ca5c8ab91400c49273289f3481565db3b6f
artifacts/alice/sequence_maps/external/beta/TCV_0082.npz,66531,9a01d297b013ae92764c44875eefa42c43cffa1942a191c2c807c9571f9f7217
