method_id,chain,seed_id,fold,checkpoint_path,bytes,sha256,source_experiment
sceptr_softmax,alpha,S01,0,artifacts/checkpoints/experiment_02_seed_and_attention_normalisation/normalizers/sceptr_softmax/alpha/S01/fold_0.pt,3505,ae4aeed110d8ec32b3de70cb2eb477d7957c5e4af7e876a0add643768e337fc9,experiment_02_seed_and_attention_normalisation
sceptr_softmax,alpha,S01,1,artifacts/checkpoints/experiment_02_seed_and_attention_normalisation/normalizers/sceptr_softmax/alpha/S01/fold_1.pt,3505,d45ca247fcc00564cf63592d2feb51e87e952a2dd1d5e594cd311d741fa2173d,experiment_02_seed_and_attention_normalisation
sceptr_softmax,alpha,S01,2,artifacts/checkpoints/experiment_02_seed_and_attention_normalisation/normalizers/sceptr_softmax/alpha/S01/fold_2.pt,3505,d0aef943e8d46db46cccfa5fad8f985a9204854d5e87478abf1622fe09abb82d,experiment_02_seed_and_attention_normalisation
sceptr_softmax,alpha,S01,3,artifacts/checkpoints/experiment_02_seed_and_attention_normalisation/normalizers/sceptr_softmax/alpha/S01/fold_3.pt,3505,21becf231a4a4250ef9c7bad91f9ef55bc830d1e926ce90b672feb205a5821f1,experiment_02_seed_and_attention_normalisation
sceptr_softmax,alpha,S01,4,artifacts/checkpoints/experiment_02_seed_and_attention_normalisation/normalizers/sceptr_softmax/alpha/S01/fold_4.pt,3505,eee7bcc0f63797b63bdfd3465dbed2b3d9025d0d307593779795f764f4320692,experiment_02_seed_and_attention_normalisation
sceptr_softmax,alpha,S02,0,artifacts/checkpoints/experiment_02_seed_and_attention_normalisation/normalizers/sceptr_softmax/alpha/S02/fold_0.pt,3505,e7ddeda0234045380d2f52e34ac84d837b781bf1a70d9f385c538f3ff9650c87,experiment_02_seed_and_attention_normalisation
sceptr_softmax,alpha,S02,1,artifacts/checkpoints/experiment_02_seed_and_attention_normalisation/normalizers/sceptr_softmax/alpha/S02/fold_1.pt,3505,8a76efca2d4b1745cb6d34db57986fec2f75c5f885f19f33293d3f1c5729e52b,experiment_02_seed_and_attention_normalisation
sceptr_softmax,alpha,S02,2,artifacts/checkpoints/experiment_02_seed_and_attention_normalisation/normalizers/sceptr_softmax/alpha/S02/fold_2.pt,3505,a8858aff4e46fb10a826b83c3cf508c8b5804ced0895393bdefc13fb197a743e,experiment_02_seed_and_attention_normalisation
sceptr_softmax,alpha,S02,3,artifacts/checkpoints/experiment_02_seed_and_attention_normalisation/normalizers/sceptr_softmax/alpha/S02/fold_3.pt,3505,ae9b3ca96972b4d77c2b844c5266cb9e8c6b48c450ea2a940a0481503a166ccc,experiment_02_seed_and_attention_normalisation
sceptr_softmax,alpha,S02,4,artifacts/checkpoints/experiment_02_seed_and_attention_normalisation/normalizers/sceptr_softmax/alpha/S02/fold_4.pt,3505,e7a596602e7c4dd00b057c5fbf6dd03639e9bc4822a82d19c9c8683d6a94e639,experiment_02_seed_and_attention_normalisation
sceptr_softmax,alpha,S03,0,artifacts/checkpoints/experiment_02_seed_and_attention_normalisation/normalizers/sceptr_softmax/alpha/S03/fold_0.pt,3505,a0047825bb61bdd82e33d0b3a66e1dd938ed0af037eb9c563543fc23c85f8c65,experiment_02_seed_and_attention_normalisation
sceptr_softmax,alpha,S03,1,artifacts/checkpoints/experiment_02_seed_and_attention_normalisation/normalizers/sceptr_softmax/alpha/S03/fold_1.pt,3505,e4edcdef2fb57422a2a33359443d29b6eef29a7cf4cf11f79b49d19fcbb8ac01,experiment_02_seed_and_attention_normalisation
sceptr_softmax,alpha,S03,2,artifacts/checkpoints/experiment_02_seed_and_attention_normalisation/normalizers/sceptr_softmax/alpha/S03/fold_2.pt,3505,75ec06c7072f8e9f5ba6d8896ccbb63b3a4261015042601314963004030cd920,experiment_02_seed_and_attention_normalisation
sceptr_softmax,alpha,S03,3,artifacts/checkpoints/experiment_02_seed_and_attention_normalisation/normalizers/sceptr_softmax/alpha/S03/fold_3.pt,3505,d046ede646f789e02215ad55e91320e7f69d7fb2d70b602052305d4862d2517c,experiment_02_seed_and_attention_normalisation
sceptr_softmax,alpha,S03,4,artifacts/checkpoints/experiment_02_seed_and_attention_normalisation/normalizers/sceptr_softmax/alpha/S03/fold_4.pt,3505,4643088b0b6607bfa64ed1689fbc69474e418e13bfda7216be8d4b2faf348b41,experiment_02_seed_and_attention_normalisation
sceptr_softmax,alpha,S04,0,artifacts/checkpoints/experiment_02_seed_and_attention_normalisation/normalizers/sceptr_softmax/alpha/S04/fold_0.pt,3505,15e7c375ea55949794a3dc363ad04e0b2a40fe46cfa4dd226cd3ba2b4ebf213a,experiment_02_seed_and_attention_normalisation
sceptr_softmax,alpha,S04,1,artifacts/checkpoints/experiment_02_seed_and_attention_normalisation/normalizers/sceptr_softmax/alpha/S04/fold_1.pt,3505,ceb4d093f44530c36a58c6c8ec915cc4dd70d7bd2d0cb80f04e1da097dfa2411,experiment_02_seed_and_attention_normalisation
sceptr_softmax,alpha,S04,2,artifacts/checkpoints/experiment_02_seed_and_attention_normalisation/normalizers/sceptr_softmax/alpha/S04/fold_2.pt,3505,e45cb3ea604bbeab5f47d2f55e8b8a0154f5b50a7bd1e4119cce7ad7be5ebc4e,experiment_02_seed_and_attention_normalisation
sceptr_softmax,alpha,S04,3,artifacts/checkpoints/experiment_02_seed_and_attention_normalisation/normalizers/sceptr_softmax/alpha/S04/fold_3.pt,3505,642d10072d09fb99fb88379aca911b9b6e81983e03331605c860758b8e81540f,experiment_02_seed_and_attention_normalisation
sceptr_softmax,alpha,S04,4,artifacts/checkpoints/experiment_02_seed_and_attention_normalisation/normalizers/sceptr_softmax/alpha/S04/fold_4.pt,3505,a782613c149f5aa172d0a7db4ce14b06f6f974f6dceb60296e8e7e5d1a1feec0,experiment_02_seed_and_attention_normalisation
sceptr_softmax,alpha,S05,0,artifacts/checkpoints/experiment_02_seed_and_attention_normalisation/normalizers/sceptr_softmax/alpha/S05/fold_0.pt,3505,3bbcf6ba76c267c6c87e9def7c7ba9f294eee51ce0f267ffac2749c72748f47a,experiment_02_seed_and_attention_normalisation
sceptr_softmax,alpha,S05,1,artifacts/checkpoints/experiment_02_seed_and_attention_normalisation/normalizers/sceptr_softmax/alpha/S05/fold_1.pt,3505,69a01b03f581d6c4be710058194ab352a95400c1761cd84a43f6455057dc5bd4,experiment_02_seed_and_attention_normalisation
sceptr_softmax,alpha,S05,2,artifacts/checkpoints/experiment_02_seed_and_attention_normalisation/normalizers/sceptr_softmax/alpha/S05/fold_2.pt,3505,fc8588a53da94e7b7282fd89f39a926972a690902f83f7fd08a8e74cfc1fe95f,experiment_02_seed_and_attention_normalisation
sceptr_softmax,alpha,S05,3,artifacts/checkpoints/experiment_02_seed_and_attention_normalisation/normalizers/sceptr_softmax/alpha/S05/fold_3.pt,3505,4e9f8a5c86d6bbe1ba9a6c1b3cc1328c7e7de0d08b0acbdc35838dec967dd5db,experiment_02_seed_and_attention_normalisation
sceptr_softmax,alpha,S05,4,artifacts/checkpoints/experiment_02_seed_and_attention_normalisation/normalizers/sceptr_softmax/alpha/S05/fold_4.pt,3505,3ecfdb780b640bb0863f824b3aae280543760c19c9ddaa53e747ca8467f97d98,experiment_02_seed_and_attention_normalisation
sceptr_softmax,alpha,S06,0,artifacts/checkpoints/experiment_02_seed_and_attention_normalisation/normalizers/sceptr_softmax/alpha/S06/fold_0.pt,3505,74a819d5a93849d29152b8dd0b11d98ff0e71b65431d5c831e56f0ad8ec1624b,experiment_02_seed_and_attention_normalisation
sceptr_softmax,alpha,S06,1,artifacts/checkpoints/experiment_02_seed_and_attention_normalisation/normalizers/sceptr_softmax/alpha/S06/fold_1.pt,3505,85e1b3123b98718682492a099b83e7c68d042c043902fe888dd9c7ddfb6c9f82,experiment_02_seed_and_attention_normalisation
sceptr_softmax,alpha,S06,2,artifacts/checkpoints/experiment_02_seed_and_attention_normalisation/normalizers/sceptr_softmax/alpha/S06/fold_2.pt,3505,2f83b78d821ef8eefb2c4a8c6c472ffb4f2541506088d9d20af9948cee841d0f,experiment_02_seed_and_attention_normalisation
sceptr_softmax,alpha,S06,3,artifacts/checkpoints/experiment_02_seed_and_attention_normalisation/normalizers/sceptr_softmax/alpha/S06/fold_3.pt,3505,e7608b32fb299e49488f211b43c0d95da736465c2d8c7a28aed588c2b8d242b7,experiment_02_seed_and_attention_normalisation
sceptr_softmax,alpha,S06,4,artifacts/checkpoints/experiment_02_seed_and_attention_normalisation/normalizers/sceptr_softmax/alpha/S06/fold_4.pt,3505,28c2b787248729af2888b758a0c7cb7daabdda3a44eeef18eb95fd5e2859e328,experiment_02_seed_and_attention_normalisation
sceptr_softmax,alpha,S07,0,artifacts/checkpoints/experiment_02_seed_and_attention_normalisation/normalizers/sceptr_softmax/alpha/S07/fold_0.pt,3505,67bead2c31a4082067d990c26818c9c9fd020c645ee1bb9813b1d492228c2db1,experiment_02_seed_and_attention_normalisation
sceptr_softmax,alpha,S07,1,artifacts/checkpoints/experiment_02_seed_and_attention_normalisation/normalizers/sceptr_softmax/alpha/S07/fold_1.pt,3505,18e552baa249da347f77901b05cba26e01c01ef4eea0389640c12b90cf41f61b,experiment_02_seed_and_attention_normalisation
sceptr_softmax,alpha,S07,2,artifacts/checkpoints/experiment_02_seed_and_attention_normalisation/normalizers/sceptr_softmax/alpha/S07/fold_2.pt,3505,92d63e4ae1ae2dbcad856ea816d7141c403dadf300661666a9cc23c7f1175411,experiment_02_seed_and_attention_normalisation
sceptr_softmax,alpha,S07,3,artifacts/checkpoints/experiment_02_seed_and_attention_normalisation/normalizers/sceptr_softmax/alpha/S07/fold_3.pt,3505,4b9187deda429f9cd9969d2b5ee2609fc910a043ef299cacc72cd57b8d66517e,experiment_02_seed_and_attention_normalisation
sceptr_softmax,alpha,S07,4,artifacts/checkpoints/experiment_02_seed_and_attention_normalisation/normalizers/sceptr_softmax/alpha/S07/fold_4.pt,3505,231f7f30830ce882a3d6ee6cc8a0faf050771f2ea4512dbc4e80135f313c164e,experiment_02_seed_and_attention_normalisation
sceptr_softmax,alpha,S08,0,artifacts/checkpoints/experiment_02_seed_and_attention_normalisation/normalizers/sceptr_softmax/alpha/S08/fold_0.pt,3505,06952aae4e3d06add727ed64ecdf21cbcc0ae7e83ba90d1649388f40552fe5c2,experiment_02_seed_and_attention_normalisation
sceptr_softmax,alpha,S08,1,artifacts/checkpoints/experiment_02_seed_and_attention_normalisation/normalizers/sceptr_softmax/alpha/S08/fold_1.pt,3505,19ef4232b89945fa36f0512ec1b853368c310f9a2b798c63936ab9697568fe45,experiment_02_seed_and_attention_normalisation
sceptr_softmax,alpha,S08,2,artifacts/checkpoints/experiment_02_seed_and_attention_normalisation/normalizers/sceptr_softmax/alpha/S08/fold_2.pt,3505,c495c8f1afb8bd681869bd168cde3cd3b9b71d5c79b583f74ba9a4f2a3170afe,experiment_02_seed_and_attention_normalisation
sceptr_softmax,alpha,S08,3,artifacts/checkpoints/experiment_02_seed_and_attention_normalisation/normalizers/sceptr_softmax/alpha/S08/fold_3.pt,3505,a4f7e96f059460507342e0ca001c7126ec72b082762eeb0fabf7fe6c61d15ef9,experiment_02_seed_and_attention_normalisation
sceptr_softmax,alpha,S08,4,artifacts/checkpoints/experiment_02_seed_and_attention_normalisation/normalizers/sceptr_softmax/alpha/S08/fold_4.pt,3505,d5573dded3b233acaa750a0ef06f8bf6e584c4491bace2be045e5ea14290cf2a,experiment_02_seed_and_attention_normalisation
sceptr_softmax,alpha,S09,0,artifacts/checkpoints/experiment_02_seed_and_attention_normalisation/normalizers/sceptr_softmax/alpha/S09/fold_0.pt,3505,99034f55f32f2f52cb08c1ab3c9ade039d38e513a4776b09244c57903220ba7b,experiment_02_seed_and_attention_normalisation
sceptr_softmax,alpha,S09,1,artifacts/checkpoints/experiment_02_seed_and_attention_normalisation/normalizers/sceptr_softmax/alpha/S09/fold_1.pt,3505,0736f0368afded791caa58027c9028d0511ed0aa19760e7781a2f9a3012aba6a,experiment_02_seed_and_attention_normalisation
sceptr_softmax,alpha,S09,2,artifacts/checkpoints/experiment_02_seed_and_attention_normalisation/normalizers/sceptr_softmax/alpha/S09/fold_2.pt,3505,32fd09b6529a45be66efff843a0af728195947b3101750aa67292abe36734646,experiment_02_seed_and_attention_normalisation
sceptr_softmax,alpha,S09,3,artifacts/checkpoints/experiment_02_seed_and_attention_normalisation/normalizers/sceptr_softmax/alpha/S09/fold_3.pt,3505,678502c4173d4a31294c42868d920478306b7b99acff809a18e4783b85f24f7e,experiment_02_seed_and_attention_normalisation
sceptr_softmax,alpha,S09,4,artifacts/checkpoints/experiment_02_seed_and_attention_normalisation/normalizers/sceptr_softmax/alpha/S09/fold_4.pt,3505,60ad9b15ed4c468fd3962c57752ae1066ae3aced0f660e1bb90ef24fc09a6a68,experiment_02_seed_and_attention_normalisation
sceptr_softmax,beta,S01,0,artifacts/checkpoints/experiment_02_seed_and_attention_normalisation/normalizers/sceptr_softmax/beta/S01/fold_0.pt,3505,9ccd655f0a9830c1b42f71f561c6340e45739786fe878aada81f77b5b283d6c9,experiment_02_seed_and_attention_normalisation
sceptr_softmax,beta,S01,1,artifacts/checkpoints/experiment_02_seed_and_attention_normalisation/normalizers/sceptr_softmax/beta/S01/fold_1.pt,3505,6e68f2ff5ea460c82b6d0a9a490dbb0d7aa502ff8a372400b348c48bdf8fc2ae,experiment_02_seed_and_attention_normalisation
sceptr_softmax,beta,S01,2,artifacts/checkpoints/experiment_02_seed_and_attention_normalisation/normalizers/sceptr_softmax/beta/S01/fold_2.pt,3505,bdf3489c2225ff7b1d968e378d1d56babd7611c8fdc544fd147df524d349e9bc,experiment_02_seed_and_attention_normalisation
sceptr_softmax,beta,S01,3,artifacts/checkpoints/experiment_02_seed_and_attention_normalisation/normalizers/sceptr_softmax/beta/S01/fold_3.pt,3505,d171579ab67dca34ec2e80f63c5c97341989a7ed2f00c42bdb9e62c656e0e34c,experiment_02_seed_and_attention_normalisation
sceptr_softmax,beta,S01,4,artifacts/checkpoints/experiment_02_seed_and_attention_normalisation/normalizers/sceptr_softmax/beta/S01/fold_4.pt,3505,d6244e1b5841b22b45d2b233ddd1d98971cc2def5968b1bef2c4e3c0385554a8,experiment_02_seed_and_attention_normalisation
sceptr_softmax,beta,S02,0,artifacts/checkpoints/experiment_02_seed_and_attention_normalisation/normalizers/sceptr_softmax/beta/S02/fold_0.pt,3505,3f695d2082ed66acbc8813837e8bee778d8fb4deac905929bda369f5b7f2b950,experiment_02_seed_and_attention_normalisation
sceptr_softmax,beta,S02,1,artifacts/checkpoints/experiment_02_seed_and_attention_normalisation/normalizers/sceptr_softmax/beta/S02/fold_1.pt,3505,14bc30cc531cb8c5ac66d25ed1c1f3f0dd7833f6a7411a480668f1dd1bcda24d,experiment_02_seed_and_attention_normalisation
sceptr_softmax,beta,S02,2,artifacts/checkpoints/experiment_02_seed_and_attention_normalisation/normalizers/sceptr_softmax/beta/S02/fold_2.pt,3505,42957f6c0ba31e9e1ec7b597d03cc8881642075e428b707795daf1d713458d83,experiment_02_seed_and_attention_normalisation
sceptr_softmax,beta,S02,3,artifacts/checkpoints/experiment_02_seed_and_attention_normalisation/normalizers/sceptr_softmax/beta/S02/fold_3.pt,3505,d49c5f7a4b88a67a1aad1fa00d22960b9635bf805385a218687c0ba5a2a04afe,experiment_02_seed_and_attention_normalisation
sceptr_softmax,beta,S02,4,artifacts/checkpoints/experiment_02_seed_and_attention_normalisation/normalizers/sceptr_softmax/beta/S02/fold_4.pt,3505,725c7b8c33c11b2148e8b438051de401d8874d7e2ae24464cdc2ecabb68cb50a,experiment_02_seed_and_attention_normalisation
sceptr_softmax,beta,S03,0,artifacts/checkpoints/experiment_02_seed_and_attention_normalisation/normalizers/sceptr_softmax/beta/S03/fold_0.pt,3505,e631981f78dd91465fd8f2d7f9b67ca4badfc537383c93507c25da29dbca4f4c,experiment_02_seed_and_attention_normalisation
sceptr_softmax,beta,S03,1,artifacts/checkpoints/experiment_02_seed_and_attention_normalisation/normalizers/sceptr_softmax/beta/S03/fold_1.pt,3505,5ad50509d4d874e0407faaf25c81f341a2ffe2157d730b0ebf8b8a521833339b,experiment_02_seed_and_attention_normalisation
sceptr_softmax,beta,S03,2,artifacts/checkpoints/experiment_02_seed_and_attention_normalisation/normalizers/sceptr_softmax/beta/S03/fold_2.pt,3505,fbb6d032fcde7ef0cccdf98f4610b335bb2c57222c30242294e404e4190b22bf,experiment_02_seed_and_attention_normalisation
sceptr_softmax,beta,S03,3,artifacts/checkpoints/experiment_02_seed_and_attention_normalisation/normalizers/sceptr_softmax/beta/S03/fold_3.pt,3505,2848ffde242b2ee4e072baa35772489b007cf5de3d122bce060989f80ca60b6f,experiment_02_seed_and_attention_normalisation
sceptr_softmax,beta,S03,4,artifacts/checkpoints/experiment_02_seed_and_attention_normalisation/normalizers/sceptr_softmax/beta/S03/fold_4.pt,3505,487ee6833d81f69ba73e33a52608d64b7b0c754578ea8aa426c7bbca0851fa36,experiment_02_seed_and_attention_normalisation
sceptr_softmax,beta,S04,0,artifacts/checkpoints/experiment_02_seed_and_attention_normalisation/normalizers/sceptr_softmax/beta/S04/fold_0.pt,3505,56541b09433d5bba9de14bc76c9184241bbd2c8a487cf1995f37c35dbf51fc12,experiment_02_seed_and_attention_normalisation
sceptr_softmax,beta,S04,1,artifacts/checkpoints/experiment_02_seed_and_attention_normalisation/normalizers/sceptr_softmax/beta/S04/fold_1.pt,3505,ccf6269663f0a224945fd42d4e0627603df6db6c9a629dba1132174c73ef96a0,experiment_02_seed_and_attention_normalisation
sceptr_softmax,beta,S04,2,artifacts/checkpoints/experiment_02_seed_and_attention_normalisation/normalizers/sceptr_softmax/beta/S04/fold_2.pt,3505,0bb038cfaf403d724fb5fbe794b84e826d7ae49a50fbd611bca6cf73eb42d106,experiment_02_seed_and_attention_normalisation
sceptr_softmax,beta,S04,3,artifacts/checkpoints/experiment_02_seed_and_attention_normalisation/normalizers/sceptr_softmax/beta/S04/fold_3.pt,3505,5ea33237688b30ec2cd3e59a845ab1cd8e86e898e3e710120d21810bcbdd54c6,experiment_02_seed_and_attention_normalisation
sceptr_softmax,beta,S04,4,artifacts/checkpoints/experiment_02_seed_and_attention_normalisation/normalizers/sceptr_softmax/beta/S04/fold_4.pt,3505,8703a0a7620546d5a3542b081d274e043f832a202172ae3bd83191773fb887e9,experiment_02_seed_and_attention_normalisation
sceptr_softmax,beta,S05,0,artifacts/checkpoints/experiment_02_seed_and_attention_normalisation/normalizers/sceptr_softmax/beta/S05/fold_0.pt,3505,0528498d6d989f72c6b802ed90819218f6ed830a7f8667674832d559e0281f2d,experiment_02_seed_and_attention_normalisation
sceptr_softmax,beta,S05,1,artifacts/checkpoints/experiment_02_seed_and_attention_normalisation/normalizers/sceptr_softmax/beta/S05/fold_1.pt,3505,8b626846266c045e834c85f7816ebc23be563ba43e17c1ba4862731c294c062c,experiment_02_seed_and_attention_normalisation
sceptr_softmax,beta,S05,2,artifacts/checkpoints/experiment_02_seed_and_attention_normalisation/normalizers/sceptr_softmax/beta/S05/fold_2.pt,3505,b02e1840c2872d10e4c252561e614496c4fa2bba040c8cd401ef80b08159a821,experiment_02_seed_and_attention_normalisation
sceptr_softmax,beta,S05,3,artifacts/checkpoints/experiment_02_seed_and_attention_normalisation/normalizers/sceptr_softmax/beta/S05/fold_3.pt,3505,2a6f9bb4ed4855a3fb703492c872a092abd04ab42ff91aada5a84e0c723198f5,experiment_02_seed_and_attention_normalisation
sceptr_softmax,beta,S05,4,artifacts/checkpoints/experiment_02_seed_and_attention_normalisation/normalizers/sceptr_softmax/beta/S05/fold_4.pt,3505,4cd85bf93902e1c3b75eed18aa408f9859d63262df0fb04739165a3f6f503a29,experiment_02_seed_and_attention_normalisation
sceptr_softmax,beta,S06,0,artifacts/checkpoints/experiment_02_seed_and_attention_normalisation/normalizers/sceptr_softmax/beta/S06/fold_0.pt,3505,f0c7e55bccc4163e82914b80c2b0593cabf389a45899bf74f5011d79d90791fb,experiment_02_seed_and_attention_normalisation
sceptr_softmax,beta,S06,1,artifacts/checkpoints/experiment_02_seed_and_attention_normalisation/normalizers/sceptr_softmax/beta/S06/fold_1.pt,3505,e3e8a5f2597d91a6f3047518b9d54cc974740d597e95a96cc2ddbc4aca210f32,experiment_02_seed_and_attention_normalisation
sceptr_softmax,beta,S06,2,artifacts/checkpoints/experiment_02_seed_and_attention_normalisation/normalizers/sceptr_softmax/beta/S06/fold_2.pt,3505,2d76583707235c3c315aab59929c0fa9a2d8f6d7aa43a237b78c4a1bb69983b0,experiment_02_seed_and_attention_normalisation
sceptr_softmax,beta,S06,3,artifacts/checkpoints/experiment_02_seed_and_attention_normalisation/normalizers/sceptr_softmax/beta/S06/fold_3.pt,3505,8ebf7c0ca441be7d4f839aff62127a80b834d21191293f98fc1ca4df4842b5d8,experiment_02_seed_and_attention_normalisation
sceptr_softmax,beta,S06,4,artifacts/checkpoints/experiment_02_seed_and_attention_normalisation/normalizers/sceptr_softmax/beta/S06/fold_4.pt,3505,a6db93985f285fabf366e8dea5881abf767c4a4b36ca7f8253a8f8577541e8ab,experiment_02_seed_and_attention_normalisation
sceptr_softmax,beta,S07,0,artifacts/checkpoints/experiment_02_seed_and_attention_normalisation/normalizers/sceptr_softmax/beta/S07/fold_0.pt,3505,b85bf3e39a05756e39aadb5d98cb71dab743c166225a53e1109d7aafd775c6e4,experiment_02_seed_and_attention_normalisation
sceptr_softmax,beta,S07,1,artifacts/checkpoints/experiment_02_seed_and_attention_normalisation/normalizers/sceptr_softmax/beta/S07/fold_1.pt,3505,d9012850bd2d4dc9ee73d37e240fe5bfa7579467f78715eb17f0210209e2ff63,experiment_02_seed_and_attention_normalisation
sceptr_softmax,beta,S07,2,artifacts/checkpoints/experiment_02_seed_and_attention_normalisation/normalizers/sceptr_softmax/beta/S07/fold_2.pt,3505,b5d4b68e28ba1acfec0485a6e4b88c0513304ee5f361b024e6a958225c572583,experiment_02_seed_and_attention_normalisation
sceptr_softmax,beta,S07,3,artifacts/checkpoints/experiment_02_seed_and_attention_normalisation/normalizers/sceptr_softmax/beta/S07/fold_3.pt,3505,4184ee01f7525ee5b0f6b681a2c6994fc02782b3fce0394f0bcc16b40b14648f,experiment_02_seed_and_attention_normalisation
sceptr_softmax,beta,S07,4,artifacts/checkpoints/experiment_02_seed_and_attention_normalisation/normalizers/sceptr_softmax/beta/S07/fold_4.pt,3505,6f9554cdfc293c297f54926bb0605e0a1bd269cf3196ef9164d1467dbb9b30e1,experiment_02_seed_and_attention_normalisation
sceptr_softmax,beta,S08,0,artifacts/checkpoints/experiment_02_seed_and_attention_normalisation/normalizers/sceptr_softmax/beta/S08/fold_0.pt,3505,a31e03b2997460416dbc01973c2394e4c75ba4fb0f2a86a5948ac6b012746a7c,experiment_02_seed_and_attention_normalisation
sceptr_softmax,beta,S08,1,artifacts/checkpoints/experiment_02_seed_and_attention_normalisation/normalizers/sceptr_softmax/beta/S08/fold_1.pt,3505,ce31f19053f69b28f78db513e4fc574d1ea99720ba9eb2e70e43be5c07de4a41,experiment_02_seed_and_attention_normalisation
sceptr_softmax,beta,S08,2,artifacts/checkpoints/experiment_02_seed_and_attention_normalisation/normalizers/sceptr_softmax/beta/S08/fold_2.pt,3505,3a73a6da83a88f2e37474ad76afb9a2acc9d81106ab52b86cd84ac915808b1e6,experiment_02_seed_and_attention_normalisation
sceptr_softmax,beta,S08,3,artifacts/checkpoints/experiment_02_seed_and_attention_normalisation/normalizers/sceptr_softmax/beta/S08/fold_3.pt,3505,597e6ed4f1d66e21b616b3a8541f293a2d3e48ed2aa928bfe8ee8ea6578355d6,experiment_02_seed_and_attention_normalisation
sceptr_softmax,beta,S08,4,artifacts/checkpoints/experiment_02_seed_and_attention_normalisation/normalizers/sceptr_softmax/beta/S08/fold_4.pt,3505,e742a65e5063a36206bfbcf4dd709d1bc89dbfd525e9ee92bfcd4bc2e21813a9,experiment_02_seed_and_attention_normalisation
sceptr_softmax,beta,S09,0,artifacts/checkpoints/experiment_02_seed_and_attention_normalisation/normalizers/sceptr_softmax/beta/S09/fold_0.pt,3505,53a80b7d44833344ef90dfb0fb0d538cb32f0d7b1b1e5e88d44f6a291e0dc347,experiment_02_seed_and_attention_normalisation
sceptr_softmax,beta,S09,1,artifacts/checkpoints/experiment_02_seed_and_attention_normalisation/normalizers/sceptr_softmax/beta/S09/fold_1.pt,3505,f8511f81619a1b62a696ee6192148484dc217656b4b133eec476bc8929b03428,experiment_02_seed_and_attention_normalisation
sceptr_softmax,beta,S09,2,artifacts/checkpoints/experiment_02_seed_and_attention_normalisation/normalizers/sceptr_softmax/beta/S09/fold_2.pt,3505,ade4c56fd56271fe26789c837fc289bdc37628a754c11c5966e79da4637ab53c,experiment_02_seed_and_attention_normalisation
sceptr_softmax,beta,S09,3,artifacts/checkpoints/experiment_02_seed_and_attention_normalisation/normalizers/sceptr_softmax/beta/S09/fold_3.pt,3505,80d3db5f0db420b20f2fff03570c061b29942d6fc301bd27f4dc2e95c03cdb7c,experiment_02_seed_and_attention_normalisation
sceptr_softmax,beta,S09,4,artifacts/checkpoints/experiment_02_seed_and_attention_normalisation/normalizers/sceptr_softmax/beta/S09/fold_4.pt,3505,00a7579fcea3a3456f4590b42d23fa3d3b1800fe3744e9e83e0bddfc60ba28de,experiment_02_seed_and_attention_normalisation
sceptr_entmax15,alpha,S01,0,artifacts/checkpoints/experiment_02_seed_and_attention_normalisation/normalizers/sceptr_entmax15/alpha/S01/fold_0.pt,3505,3706866c14556215fc782e97514167fdcc911c124194356aa68d90a7a54ac67c,experiment_02_seed_and_attention_normalisation
sceptr_entmax15,alpha,S01,1,artifacts/checkpoints/experiment_02_seed_and_attention_normalisation/normalizers/sceptr_entmax15/alpha/S01/fold_1.pt,3505,bde1d57388362c5b501192ed3b42bae0e6ad3c79db6fd9c45557ca7e00088fc3,experiment_02_seed_and_attention_normalisation
sceptr_entmax15,alpha,S01,2,artifacts/checkpoints/experiment_02_seed_and_attention_normalisation/normalizers/sceptr_entmax15/alpha/S01/fold_2.pt,3505,86d0a17710cd24f8b8de52fb4d9bd950338ebbc16ee2a5f9cfacfa35ad2014a9,experiment_02_seed_and_attention_normalisation
sceptr_entmax15,alpha,S01,3,artifacts/checkpoints/experiment_02_seed_and_attention_normalisation/normalizers/sceptr_entmax15/alpha/S01/fold_3.pt,3505,a9e1549d9b97d8a06d0dbe8dd2d7fc25f82cae475564b9a9fea68a082ff9fb20,experiment_02_seed_and_attention_normalisation
sceptr_entmax15,alpha,S01,4,artifacts/checkpoints/experiment_02_seed_and_attention_normalisation/normalizers/sceptr_entmax15/alpha/S01/fold_4.pt,3505,96583f49d397de9085e78c9e32b6835b85b2df36465369a15f3160df84a77823,experiment_02_seed_and_attention_normalisation
sceptr_entmax15,alpha,S02,0,artifacts/checkpoints/experiment_02_seed_and_attention_normalisation/normalizers/sceptr_entmax15/alpha/S02/fold_0.pt,3505,13885dd150a6ca09553f1e4a2e593365c7365ca988294e8feed81d1008c6caaf,experiment_02_seed_and_attention_normalisation
sceptr_entmax15,alpha,S02,1,artifacts/checkpoints/experiment_02_seed_and_attention_normalisation/normalizers/sceptr_entmax15/alpha/S02/fold_1.pt,3505,8ed5f400b87b4b772555e3919bd36bb75a2dfd681ed955862a330721b0c96672,experiment_02_seed_and_attention_normalisation
sceptr_entmax15,alpha,S02,2,artifacts/checkpoints/experiment_02_seed_and_attention_normalisation/normalizers/sceptr_entmax15/alpha/S02/fold_2.pt,3505,772a0b288cb6ab8b1230082d4dc8b3366d0265b66681824f861c2a842f8d83c2,experiment_02_seed_and_attention_normalisation
sceptr_entmax15,alpha,S02,3,artifacts/checkpoints/experiment_02_seed_and_attention_normalisation/normalizers/sceptr_entmax15/alpha/S02/fold_3.pt,3505,6e14ea685ae4690bd17d412b35cf25f5e3e2c1f0a667fdffd34a322ed7ca5801,experiment_02_seed_and_attention_normalisation
sceptr_entmax15,alpha,S02,4,artifacts/checkpoints/experiment_02_seed_and_attention_normalisation/normalizers/sceptr_entmax15/alpha/S02/fold_4.pt,3505,9c2961ddb7b25181dac2729686cb71cf450da54ad643f5cf3e8f40a133e0e8f4,experiment_02_seed_and_attention_normalisation
sceptr_entmax15,alpha,S03,0,artifacts/checkpoints/experiment_02_seed_and_attention_normalisation/normalizers/sceptr_entmax15/alpha/S03/fold_0.pt,3505,3bf148f3697a04798ea33fe462948d2a240ce3445460c89263cb924328f0574a,experiment_02_seed_and_attention_normalisation
sceptr_entmax15,alpha,S03,1,artifacts/checkpoints/experiment_02_seed_and_attention_normalisation/normalizers/sceptr_entmax15/alpha/S03/fold_1.pt,3505,7b8564dd0e772303423dd65c12d38f32e6f4130f7c40c00195154baa00e976bb,experiment_02_seed_and_attention_normalisation
sceptr_entmax15,alpha,S03,2,artifacts/checkpoints/experiment_02_seed_and_attention_normalisation/normalizers/sceptr_entmax15/alpha/S03/fold_2.pt,3505,0797a1a78ef2f60e198bb414baa359039d80d5a1dd7656bc4a46929d7d08ce0a,experiment_02_seed_and_attention_normalisation
sceptr_entmax15,alpha,S03,3,artifacts/checkpoints/experiment_02_seed_and_attention_normalisation/normalizers/sceptr_entmax15/alpha/S03/fold_3.pt,3505,0d8a73a9f2a312aa5b25bf5250acadd1b93b6363171718e552e99c0b8e3558a3,experiment_02_seed_and_attention_normalisation
sceptr_entmax15,alpha,S03,4,artifacts/checkpoints/experiment_02_seed_and_attention_normalisation/normalizers/sceptr_entmax15/alpha/S03/fold_4.pt,3505,a5f2574aa86c3ff741b653c2d06e7f8a5be80ada451f4b9176d0ffbaa0aa1e36,experiment_02_seed_and_attention_normalisation
sceptr_entmax15,alpha,S04,0,artifacts/checkpoints/experiment_02_seed_and_attention_normalisation/normalizers/sceptr_entmax15/alpha/S04/fold_0.pt,3505,8c1237df3ebb3f1261f1ecb9d4049f739a27080d93beafd32726012b36034acd,experiment_02_seed_and_attention_normalisation
sceptr_entmax15,alpha,S04,1,artifacts/checkpoints/experiment_02_seed_and_attention_normalisation/normalizers/sceptr_entmax15/alpha/S04/fold_1.pt,3505,e0b04a7705933250c3226d4c93b564b94487c0671505ae1c074ba9dc6cc714ed,experiment_02_seed_and_attention_normalisation
sceptr_entmax15,alpha,S04,2,artifacts/checkpoints/experiment_02_seed_and_attention_normalisation/normalizers/sceptr_entmax15/alpha/S04/fold_2.pt,3505,d2f5089f61700e70de9aa2e64020b9258fbc45033e2460aeaae4324172b0bf20,experiment_02_seed_and_attention_normalisation
sceptr_entmax15,alpha,S04,3,artifacts/checkpoints/experiment_02_seed_and_attention_normalisation/normalizers/sceptr_entmax15/alpha/S04/fold_3.pt,3505,3f40827ad834742863457788e03c1e5afb14786a066856a0ca9d8165398fe88e,experiment_02_seed_and_attention_normalisation
sceptr_entmax15,alpha,S04,4,artifacts/checkpoints/experiment_02_seed_and_attention_normalisation/normalizers/sceptr_entmax15/alpha/S04/fold_4.pt,3505,d4965d07979f78832484b5db5e1055c6c5e7a0a76ba48f7a9f0dd9b2e9b0b7a4,experiment_02_seed_and_attention_normalisation
sceptr_entmax15,alpha,S05,0,artifacts/checkpoints/experiment_02_seed_and_attention_normalisation/normalizers/sceptr_entmax15/alpha/S05/fold_0.pt,3505,b1794251aadf442be9f3965ae11fe60bea7d0a2090e127b33bccd3e0fef0d1e5,experiment_02_seed_and_attention_normalisation
sceptr_entmax15,alpha,S05,1,artifacts/checkpoints/experiment_02_seed_and_attention_normalisation/normalizers/sceptr_entmax15/alpha/S05/fold_1.pt,3505,672a57a29e157c6ff5a8439659116ddd81ec798b3f2f2af805db2bd7df0a60c6,experiment_02_seed_and_attention_normalisation
sceptr_entmax15,alpha,S05,2,artifacts/checkpoints/experiment_02_seed_and_attention_normalisation/normalizers/sceptr_entmax15/alpha/S05/fold_2.pt,3505,68e3169991943e117282221f4e4d49dcc5c7a55a156956201f69850496c50344,experiment_02_seed_and_attention_normalisation
sceptr_entmax15,alpha,S05,3,artifacts/checkpoints/experiment_02_seed_and_attention_normalisation/normalizers/sceptr_entmax15/alpha/S05/fold_3.pt,3505,606e2d5236aaef52d738c336714b374f18c29b92d3d9661956b7c9a9aa623efb,experiment_02_seed_and_attention_normalisation
sceptr_entmax15,alpha,S05,4,artifacts/checkpoints/experiment_02_seed_and_attention_normalisation/normalizers/sceptr_entmax15/alpha/S05/fold_4.pt,3505,5daabb33226e89d1b8ca27b00a7d92916e70e518fb09ca08c3d7a32597781ed1,experiment_02_seed_and_attention_normalisation
sceptr_entmax15,alpha,S06,0,artifacts/checkpoints/experiment_02_seed_and_attention_normalisation/normalizers/sceptr_entmax15/alpha/S06/fold_0.pt,3569,437ad8ed0b5be45f2f44f58a32c6b8fd0cefa2b39305a1a6e17cfcce39e04f0c,experiment_02_seed_and_attention_normalisation
sceptr_entmax15,alpha,S06,1,artifacts/checkpoints/experiment_02_seed_and_attention_normalisation/normalizers/sceptr_entmax15/alpha/S06/fold_1.pt,3569,ac8ff3b455c9f81fa910a8f22174970b72608d1c02aff073eddfe47d99fa2100,experiment_02_seed_and_attention_normalisation
sceptr_entmax15,alpha,S06,2,artifacts/checkpoints/experiment_02_seed_and_attention_normalisation/normalizers/sceptr_entmax15/alpha/S06/fold_2.pt,3569,bda8fa1551d16e1cbed13e66a9f9d1a8f7bd14f159237cedd7bed45e3d3e9010,experiment_02_seed_and_attention_normalisation
sceptr_entmax15,alpha,S06,3,artifacts/checkpoints/experiment_02_seed_and_attention_normalisation/normalizers/sceptr_entmax15/alpha/S06/fold_3.pt,3569,2f7698ef17ac495c51401254664c3b0daad882266d0399fba3ef34116c761b50,experiment_02_seed_and_attention_normalisation
sceptr_entmax15,alpha,S06,4,artifacts/checkpoints/experiment_02_seed_and_attention_normalisation/normalizers/sceptr_entmax15/alpha/S06/fold_4.pt,3569,6ee15601363c1916a54f0fb64a954ab780f40f4783d4ef0e9cab735e52d17228,experiment_02_seed_and_attention_normalisation
sceptr_entmax15,alpha,S07,0,artifacts/checkpoints/experiment_02_seed_and_attention_normalisation/normalizers/sceptr_entmax15/alpha/S07/fold_0.pt,3569,cf975ce40eef8885894f43b313d20bb9516d6438109ddaff61f7e1bfc258d583,experiment_02_seed_and_attention_normalisation
sceptr_entmax15,alpha,S07,1,artifacts/checkpoints/experiment_02_seed_and_attention_normalisation/normalizers/sceptr_entmax15/alpha/S07/fold_1.pt,3569,6160d3e369d52802c253d7ed3ef8157d725ba8a009a5957a80af73c2969929af,experiment_02_seed_and_attention_normalisation
sceptr_entmax15,alpha,S07,2,artifacts/checkpoints/experiment_02_seed_and_attention_normalisation/normalizers/sceptr_entmax15/alpha/S07/fold_2.pt,3569,b2f2e4c652fa077f5895cef56967f35ac127bd37151fa13b780e21e2ff8efb01,experiment_02_seed_and_attention_normalisation
sceptr_entmax15,alpha,S07,3,artifacts/checkpoints/experiment_02_seed_and_attention_normalisation/normalizers/sceptr_entmax15/alpha/S07/fold_3.pt,3569,6bca3154537be5c6db7fbfd74db3c3037af86762f80fba5ecf06afa53e33afb7,experiment_02_seed_and_attention_normalisation
sceptr_entmax15,alpha,S07,4,artifacts/checkpoints/experiment_02_seed_and_attention_normalisation/normalizers/sceptr_entmax15/alpha/S07/fold_4.pt,3569,1a308dde176f9d796279ee29fb5b9c61bbd22bc207cac6cfb1e214e463a8d244,experiment_02_seed_and_attention_normalisation
sceptr_entmax15,alpha,S08,0,artifacts/checkpoints/experiment_02_seed_and_attention_normalisation/normalizers/sceptr_entmax15/alpha/S08/fold_0.pt,3569,d020789f3760bec4a577092b21013b1bcc8bb1f0f8bd6943b59e8016c78e45f7,experiment_02_seed_and_attention_normalisation
sceptr_entmax15,alpha,S08,1,artifacts/checkpoints/experiment_02_seed_and_attention_normalisation/normalizers/sceptr_entmax15/alpha/S08/fold_1.pt,3569,bccaa9b6a29df2ecefd9e73c7eb19e71e100d5b8333f35dc3f38a6077cdbb21d,experiment_02_seed_and_attention_normalisation
sceptr_entmax15,alpha,S08,2,artifacts/checkpoints/experiment_02_seed_and_attention_normalisation/normalizers/sceptr_entmax15/alpha/S08/fold_2.pt,3569,0e2ab6caef0130436899271d23226349ebbf2ed36982723d3ed87694ef2b78f8,experiment_02_seed_and_attention_normalisation
sceptr_entmax15,alpha,S08,3,artifacts/checkpoints/experiment_02_seed_and_attention_normalisation/normalizers/sceptr_entmax15/alpha/S08/fold_3.pt,3569,82f52fbfaf6c2cdd5aa5bd97a7651f7ce246290968d394ad4877cb7f90d63bfe,experiment_02_seed_and_attention_normalisation
sceptr_entmax15,alpha,S08,4,artifacts/checkpoints/experiment_02_seed_and_attention_normalisation/normalizers/sceptr_entmax15/alpha/S08/fold_4.pt,3569,ddec6c3e51e4dd49180cac401520d9cd46f71de584dbf53cc9a0c7c817c21575,experiment_02_seed_and_attention_normalisation
sceptr_entmax15,alpha,S09,0,artifacts/checkpoints/experiment_02_seed_and_attention_normalisation/normalizers/sceptr_entmax15/alpha/S09/fold_0.pt,3569,6b7a82479640fe50d926da7e35e1416d35943108af41646b6014744ab74093d8,experiment_02_seed_and_attention_normalisation
sceptr_entmax15,alpha,S09,1,artifacts/checkpoints/experiment_02_seed_and_attention_normalisation/normalizers/sceptr_entmax15/alpha/S09/fold_1.pt,3569,390df40a6a602a535d12558e2a4202232dfadfa2741100f8d104191d28a526c2,experiment_02_seed_and_attention_normalisation
sceptr_entmax15,alpha,S09,2,artifacts/checkpoints/experiment_02_seed_and_attention_normalisation/normalizers/sceptr_entmax15/alpha/S09/fold_2.pt,3569,8e62786ec6aeb5133bfa90ac11f3c46685ada60d17154ba65c580646beccf7d5,experiment_02_seed_and_attention_normalisation
sceptr_entmax15,alpha,S09,3,artifacts/checkpoints/experiment_02_seed_and_attention_normalisation/normalizers/sceptr_entmax15/alpha/S09/fold_3.pt,3569,426ef4987cd31c3c73da8a6790de97a791a83d5b2e7cfb3a0056c3d0901deab0,experiment_02_seed_and_attention_normalisation
sceptr_entmax15,alpha,S09,4,artifacts/checkpoints/experiment_02_seed_and_attention_normalisation/normalizers/sceptr_entmax15/alpha/S09/fold_4.pt,3569,fb37e60a58266cce9c9a91811792e64ea36d1f2e16c46c1900d3095a3a08cc0b,experiment_02_seed_and_attention_normalisation
sceptr_entmax15,beta,S01,0,artifacts/checkpoints/experiment_02_seed_and_attention_normalisation/normalizers/sceptr_entmax15/beta/S01/fold_0.pt,3505,6ae7de3fd973a62af84ce1e85de8546cb3627d7177f1ba9aaa014a9a1b83ea15,experiment_02_seed_and_attention_normalisation
sceptr_entmax15,beta,S01,1,artifacts/checkpoints/experiment_02_seed_and_attention_normalisation/normalizers/sceptr_entmax15/beta/S01/fold_1.pt,3505,3c47b727d9910b6b38df11d2f011cd2e6d218ba9dacfc6587e55ea9010f6fb2a,experiment_02_seed_and_attention_normalisation
sceptr_entmax15,beta,S01,2,artifacts/checkpoints/experiment_02_seed_and_attention_normalisation/normalizers/sceptr_entmax15/beta/S01/fold_2.pt,3505,4fa8438793a495dc463fe76195bb17c74cd09d6395044bfc7286e7f3f6cc6ffa,experiment_02_seed_and_attention_normalisation
sceptr_entmax15,beta,S01,3,artifacts/checkpoints/experiment_02_seed_and_attention_normalisation/normalizers/sceptr_entmax15/beta/S01/fold_3.pt,3505,31a1c10ef51e953b066e8184da2d5c084d07d2e858f03b2857864048b4dd0c9e,experiment_02_seed_and_attention_normalisation
sceptr_entmax15,beta,S01,4,artifacts/checkpoints/experiment_02_seed_and_attention_normalisation/normalizers/sceptr_entmax15/beta/S01/fold_4.pt,3505,4afc7c8b993abdab542917553460b5f96842f29a5c6190840fe357cdd4c6c8c3,experiment_02_seed_and_attention_normalisation
sceptr_entmax15,beta,S02,0,artifacts/checkpoints/experiment_02_seed_and_attention_normalisation/normalizers/sceptr_entmax15/beta/S02/fold_0.pt,3505,9fc5fc3f60b6550164ed6a8f6e9e9d6a6059fcec893282dc3ec7527a7e31adac,experiment_02_seed_and_attention_normalisation
sceptr_entmax15,beta,S02,1,artifacts/checkpoints/experiment_02_seed_and_attention_normalisation/normalizers/sceptr_entmax15/beta/S02/fold_1.pt,3505,89eafff3d2cdc9bd69322e522cc5b33a09acf59d2be3030fcde93db9d5afc058,experiment_02_seed_and_attention_normalisation
sceptr_entmax15,beta,S02,2,artifacts/checkpoints/experiment_02_seed_and_attention_normalisation/normalizers/sceptr_entmax15/beta/S02/fold_2.pt,3505,c26db0b0a1da77aa9fd0dc803904a3c4b92371d2b259fbe4fd97dd72bb5c6d36,experiment_02_seed_and_attention_normalisation
sceptr_entmax15,beta,S02,3,artifacts/checkpoints/experiment_02_seed_and_attention_normalisation/normalizers/sceptr_entmax15/beta/S02/fold_3.pt,3505,2a514b61b9acc8f4466da6ab2a8437631b7d3fb9551fc6afcf281f42f2d7b7e5,experiment_02_seed_and_attention_normalisation
sceptr_entmax15,beta,S02,4,artifacts/checkpoints/experiment_02_seed_and_attention_normalisation/normalizers/sceptr_entmax15/beta/S02/fold_4.pt,3505,c32d29da4cb74f923eacfc1d6e523e3efe5e90c4a2ee30481fe2633e2dbe5060,experiment_02_seed_and_attention_normalisation
sceptr_entmax15,beta,S03,0,artifacts/checkpoints/experiment_02_seed_and_attention_normalisation/normalizers/sceptr_entmax15/beta/S03/fold_0.pt,3505,1c9da2e47560224709957dcc105d0102032483c165f26e516cbb3fd679a5ea64,experiment_02_seed_and_attention_normalisation
sceptr_entmax15,beta,S03,1,artifacts/checkpoints/experiment_02_seed_and_attention_normalisation/normalizers/sceptr_entmax15/beta/S03/fold_1.pt,3505,8983aa961654753d7f0bd306e43cf4ae18d72b5e40d2b570f094f8ced58e45d2,experiment_02_seed_and_attention_normalisation
sceptr_entmax15,beta,S03,2,artifacts/checkpoints/experiment_02_seed_and_attention_normalisation/normalizers/sceptr_entmax15/beta/S03/fold_2.pt,3505,e3359f58f477dc63d0e9cb528a8e6e05e4fbe94dd8fce4319be5692aafafce8f,experiment_02_seed_and_attention_normalisation
sceptr_entmax15,beta,S03,3,artifacts/checkpoints/experiment_02_seed_and_attention_normalisation/normalizers/sceptr_entmax15/beta/S03/fold_3.pt,3505,cef26e3848d849ffb4d2990eb6023cfb33336cebe0f066726eb125d496805b56,experiment_02_seed_and_attention_normalisation
sceptr_entmax15,beta,S03,4,artifacts/checkpoints/experiment_02_seed_and_attention_normalisation/normalizers/sceptr_entmax15/beta/S03/fold_4.pt,3505,c0de62bc739397381aceb0d31d99610044c5d70b5a4af184d3ab1be9c69b94cd,experiment_02_seed_and_attention_normalisation
sceptr_entmax15,beta,S04,0,artifacts/checkpoints/experiment_02_seed_and_attention_normalisation/normalizers/sceptr_entmax15/beta/S04/fold_0.pt,3505,05c4d03d8ef8d9e67ca7afdc1ec98f5711b8d6ecbf43bc565c7584b912c8de63,experiment_02_seed_and_attention_normalisation
sceptr_entmax15,beta,S04,1,artifacts/checkpoints/experiment_02_seed_and_attention_normalisation/normalizers/sceptr_entmax15/beta/S04/fold_1.pt,3505,d6c4a358532755a675a97bee31dde8ce0c667e351ca8d6118b40a05a0bf6f232,experiment_02_seed_and_attention_normalisation
sceptr_entmax15,beta,S04,2,artifacts/checkpoints/experiment_02_seed_and_attention_normalisation/normalizers/sceptr_entmax15/beta/S04/fold_2.pt,3505,be2f4a7c0c275e1b1a9dd14f68bb30b1df23967b0bb26bd56f457ef3afcacf45,experiment_02_seed_and_attention_normalisation
sceptr_entmax15,beta,S04,3,artifacts/checkpoints/experiment_02_seed_and_attention_normalisation/normalizers/sceptr_entmax15/beta/S04/fold_3.pt,3505,ec452dd5ec4d7ff4fdaff53515466b041d7e5f2b33d29e2848288fca237044a2,experiment_02_seed_and_attention_normalisation
sceptr_entmax15,beta,S04,4,artifacts/checkpoints/experiment_02_seed_and_attention_normalisation/normalizers/sceptr_entmax15/beta/S04/fold_4.pt,3505,babeed4b45c1038d696aa1934865027f736c4052e6c2143ed876064a9e661bb4,experiment_02_seed_and_attention_normalisation
sceptr_entmax15,beta,S05,0,artifacts/checkpoints/experiment_02_seed_and_attention_normalisation/normalizers/sceptr_entmax15/beta/S05/fold_0.pt,3505,ade80c33a8285ec92d61c7a344f0549d7f73a1297dfec8dea2ffa6dce0e7af08,experiment_02_seed_and_attention_normalisation
sceptr_entmax15,beta,S05,1,artifacts/checkpoints/experiment_02_seed_and_attention_normalisation/normalizers/sceptr_entmax15/beta/S05/fold_1.pt,3505,0c038062a378e693007e6ccf113b17ae1c9de56dd0678b7735105b7df03c7fd5,experiment_02_seed_and_attention_normalisation
sceptr_entmax15,beta,S05,2,artifacts/checkpoints/experiment_02_seed_and_attention_normalisation/normalizers/sceptr_entmax15/beta/S05/fold_2.pt,3505,a281ee1986ebcda03e83c66f5bd3620ab3c6546e4f832b2837ab333a6a464797,experiment_02_seed_and_attention_normalisation
sceptr_entmax15,beta,S05,3,artifacts/checkpoints/experiment_02_seed_and_attention_normalisation/normalizers/sceptr_entmax15/beta/S05/fold_3.pt,3505,c1c7d697241cfc7d964f084cd4beaf25b2656dae64703082415ad6dc0f6ae83d,experiment_02_seed_and_attention_normalisation
sceptr_entmax15,beta,S05,4,artifacts/checkpoints/experiment_02_seed_and_attention_normalisation/normalizers/sceptr_entmax15/beta/S05/fold_4.pt,3505,1dfbb0fbae90942c2a0c459484030e825aede2d295d6538b5f15db056fefd2e6,experiment_02_seed_and_attention_normalisation
sceptr_entmax15,beta,S06,0,artifacts/checkpoints/experiment_02_seed_and_attention_normalisation/normalizers/sceptr_entmax15/beta/S06/fold_0.pt,3505,820bbd32b544c3e8c852c3f7da3a0921b4f380c0a2e6b223b43c37c787b234a6,experiment_02_seed_and_attention_normalisation
sceptr_entmax15,beta,S06,1,artifacts/checkpoints/experiment_02_seed_and_attention_normalisation/normalizers/sceptr_entmax15/beta/S06/fold_1.pt,3505,4f7388a9c1a37764cc4addf394f37d34c296e8ff15410e345d15716375b80176,experiment_02_seed_and_attention_normalisation
sceptr_entmax15,beta,S06,2,artifacts/checkpoints/experiment_02_seed_and_attention_normalisation/normalizers/sceptr_entmax15/beta/S06/fold_2.pt,3505,357d9d42d543b4b5a874364f8ad406992a017f9ac999f6da820d03d5969749ae,experiment_02_seed_and_attention_normalisation
sceptr_entmax15,beta,S06,3,artifacts/checkpoints/experiment_02_seed_and_attention_normalisation/normalizers/sceptr_entmax15/beta/S06/fold_3.pt,3505,8487e841ab34a73a2b9e77f5bb1e31f74044ede16d9bae6d9ae82e1efedd4784,experiment_02_seed_and_attention_normalisation
sceptr_entmax15,beta,S06,4,artifacts/checkpoints/experiment_02_seed_and_attention_normalisation/normalizers/sceptr_entmax15/beta/S06/fold_4.pt,3505,270a94402e53c9d896b39ae0dcf99c706d411f15d199db669af3918a47216ec8,experiment_02_seed_and_attention_normalisation
sceptr_entmax15,beta,S07,0,artifacts/checkpoints/experiment_02_seed_and_attention_normalisation/normalizers/sceptr_entmax15/beta/S07/fold_0.pt,3505,6dbca1f3ba53c4ac08d575d60153d0ab64b5ff76f0aa0a9c1bcb9fe6392a63c6,experiment_02_seed_and_attention_normalisation
sceptr_entmax15,beta,S07,1,artifacts/checkpoints/experiment_02_seed_and_attention_normalisation/normalizers/sceptr_entmax15/beta/S07/fold_1.pt,3505,cfa3de8a0a5e2d0608254c97e949faaafef476b69aaed607e584da09fbb52bc8,experiment_02_seed_and_attention_normalisation
sceptr_entmax15,beta,S07,2,artifacts/checkpoints/experiment_02_seed_and_attention_normalisation/normalizers/sceptr_entmax15/beta/S07/fold_2.pt,3505,ec84b548d8ea7aaaef5db33484b430431a3c98eec69dfbf27d1bb38a8593eb46,experiment_02_seed_and_attention_normalisation
sceptr_entmax15,beta,S07,3,artifacts/checkpoints/experiment_02_seed_and_attention_normalisation/normalizers/sceptr_entmax15/beta/S07/fold_3.pt,3505,b8502c8f622329c63acf381d5c068010f9f1be4a20dfdd3bc5bdbefa8a19a6a8,experiment_02_seed_and_attention_normalisation
sceptr_entmax15,beta,S07,4,artifacts/checkpoints/experiment_02_seed_and_attention_normalisation/normalizers/sceptr_entmax15/beta/S07/fold_4.pt,3505,749ed02bd2be93c6e669423a6938274ff18ee0dca93fda9a4e0ed506ad8cf9ce,experiment_02_seed_and_attention_normalisation
sceptr_entmax15,beta,S08,0,artifacts/checkpoints/experiment_02_seed_and_attention_normalisation/normalizers/sceptr_entmax15/beta/S08/fold_0.pt,3505,9fe4d46c0234fae6d23b9ce62c3a2e2dde04649e1c5ac652da53f651be98268c,experiment_02_seed_and_attention_normalisation
sceptr_entmax15,beta,S08,1,artifacts/checkpoints/experiment_02_seed_and_attention_normalisation/normalizers/sceptr_entmax15/beta/S08/fold_1.pt,3505,95cc2732a2be852ff996939925f766333d7c08034366498870abad87f116840a,experiment_02_seed_and_attention_normalisation
sceptr_entmax15,beta,S08,2,artifacts/checkpoints/experiment_02_seed_and_attention_normalisation/normalizers/sceptr_entmax15/beta/S08/fold_2.pt,3505,6723de45d7544976d1d389bb26d5f98d87a20358f5da4f90d864454e3574ccbd,experiment_02_seed_and_attention_normalisation
sceptr_entmax15,beta,S08,3,artifacts/checkpoints/experiment_02_seed_and_attention_normalisation/normalizers/sceptr_entmax15/beta/S08/fold_3.pt,3505,fa3f9d2de0193a7c7ffd27f89db752da55652e618fdfe325344ac9aead9d44e6,experiment_02_seed_and_attention_normalisation
sceptr_entmax15,beta,S08,4,artifacts/checkpoints/experiment_02_seed_and_attention_normalisation/normalizers/sceptr_entmax15/beta/S08/fold_4.pt,3505,a8fc39eda33c03678630ff1e11d1a747eb80c4912e5247644989c2dda35ea7ba,experiment_02_seed_and_attention_normalisation
sceptr_entmax15,beta,S09,0,artifacts/checkpoints/experiment_02_seed_and_attention_normalisation/normalizers/sceptr_entmax15/beta/S09/fold_0.pt,3505,016bd9af04b5baf6f3a7bc403b5812022bb5e7bd4b657fe7619621b257432a14,experiment_02_seed_and_attention_normalisation
sceptr_entmax15,beta,S09,1,artifacts/checkpoints/experiment_02_seed_and_attention_normalisation/normalizers/sceptr_entmax15/beta/S09/fold_1.pt,3505,8cfb1b37f7cd80fc898bf98eec99324557834d5024e0d51dce64f909aa519997,experiment_02_seed_and_attention_normalisation
sceptr_entmax15,beta,S09,2,artifacts/checkpoints/experiment_02_seed_and_attention_normalisation/normalizers/sceptr_entmax15/beta/S09/fold_2.pt,3505,b9a2ed359e69e8b29972b0aefe9575dac1c72c6c121dfbfb4988ec1b4a6b3acb,experiment_02_seed_and_attention_normalisation
sceptr_entmax15,beta,S09,3,artifacts/checkpoints/experiment_02_seed_and_attention_normalisation/normalizers/sceptr_entmax15/beta/S09/fold_3.pt,3505,ff91a5dde8dca9ec0ce5bbbe7d718ab33f71a60ef1329534586e3402aeffa374,experiment_02_seed_and_attention_normalisation
sceptr_entmax15,beta,S09,4,artifacts/checkpoints/experiment_02_seed_and_attention_normalisation/normalizers/sceptr_entmax15/beta/S09/fold_4.pt,3505,fe8d641bbdd2c0523305dc0445d7dcb733c30e5840333f2abd3272ee8eb3548d,experiment_02_seed_and_attention_normalisation
sceptr_sparsemax,alpha,S01,0,artifacts/checkpoints/experiment_02_seed_and_attention_normalisation/normalizers/sceptr_sparsemax/alpha/S01/fold_0.pt,3505,d435af3b4845ea4470c427f956248493356ce9c773d449eaa838b2cf8ee26a3e,experiment_02_seed_and_attention_normalisation
sceptr_sparsemax,alpha,S01,1,artifacts/checkpoints/experiment_02_seed_and_attention_normalisation/normalizers/sceptr_sparsemax/alpha/S01/fold_1.pt,3505,b994cd2fb6b71d28172fc41721376367cd0cde1e594f9abf2a71b024d1b1daf4,experiment_02_seed_and_attention_normalisation
sceptr_sparsemax,alpha,S01,2,artifacts/checkpoints/experiment_02_seed_and_attention_normalisation/normalizers/sceptr_sparsemax/alpha/S01/fold_2.pt,3505,e041af0ebc3289833a6f67d2790cd57ecdbdfb907694db04566956827b03fade,experiment_02_seed_and_attention_normalisation
sceptr_sparsemax,alpha,S01,3,artifacts/checkpoints/experiment_02_seed_and_attention_normalisation/normalizers/sceptr_sparsemax/alpha/S01/fold_3.pt,3505,869a54308e4bdb2603e2438937af937c18d405267e7fb056e3e8d1440faf0621,experiment_02_seed_and_attention_normalisation
sceptr_sparsemax,alpha,S01,4,artifacts/checkpoints/experiment_02_seed_and_attention_normalisation/normalizers/sceptr_sparsemax/alpha/S01/fold_4.pt,3505,969e159ac2f45e07398f46b27b9393f3cd4c2daae2bd05a0c676ae1a6d0da7e7,experiment_02_seed_and_attention_normalisation
sceptr_sparsemax,alpha,S02,0,artifacts/checkpoints/experiment_02_seed_and_attention_normalisation/normalizers/sceptr_sparsemax/alpha/S02/fold_0.pt,3505,a8c96949187e83831f9e9855b08fff25e9aee36a03f9f64dbad9feef6e12717b,experiment_02_seed_and_attention_normalisation
sceptr_sparsemax,alpha,S02,1,artifacts/checkpoints/experiment_02_seed_and_attention_normalisation/normalizers/sceptr_sparsemax/alpha/S02/fold_1.pt,3505,c3f2b5052d5bb0eff2a292dff226a96283afa799f5950cbc3b8eb82f44f4a0f6,experiment_02_seed_and_attention_normalisation
sceptr_sparsemax,alpha,S02,2,artifacts/checkpoints/experiment_02_seed_and_attention_normalisation/normalizers/sceptr_sparsemax/alpha/S02/fold_2.pt,3505,103316c04921f854ebca8906fb401520ab5f2f593acb630092d55d54af346212,experiment_02_seed_and_attention_normalisation
sceptr_sparsemax,alpha,S02,3,artifacts/checkpoints/experiment_02_seed_and_attention_normalisation/normalizers/sceptr_sparsemax/alpha/S02/fold_3.pt,3505,083de7a28e3fd6d6ab21660136c22b8e968c0ca9e094c8d6e44e8171aadcf58e,experiment_02_seed_and_attention_normalisation
sceptr_sparsemax,alpha,S02,4,artifacts/checkpoints/experiment_02_seed_and_attention_normalisation/normalizers/sceptr_sparsemax/alpha/S02/fold_4.pt,3505,65e859588242a5ae4673caffc4e246e0a517ae514215f1bbcad84a8ec1128ac3,experiment_02_seed_and_attention_normalisation
sceptr_sparsemax,alpha,S03,0,artifacts/checkpoints/experiment_02_seed_and_attention_normalisation/normalizers/sceptr_sparsemax/alpha/S03/fold_0.pt,3505,498bb42d8e72e81cfce950d2549531fe7f95e8fee83b3959ba8b275011cc13ee,experiment_02_seed_and_attention_normalisation
sceptr_sparsemax,alpha,S03,1,artifacts/checkpoints/experiment_02_seed_and_attention_normalisation/normalizers/sceptr_sparsemax/alpha/S03/fold_1.pt,3505,22cd18f837fe6dd7ec1565709843f3a4f90fd694aa52d9ea7f88c0dc3f1be4f7,experiment_02_seed_and_attention_normalisation
sceptr_sparsemax,alpha,S03,2,artifacts/checkpoints/experiment_02_seed_and_attention_normalisation/normalizers/sceptr_sparsemax/alpha/S03/fold_2.pt,3505,9e93b8d821b803dc1ea33231110a36b31623f4d7281e379abf2392d6bc0eeb21,experiment_02_seed_and_attention_normalisation
sceptr_sparsemax,alpha,S03,3,artifacts/checkpoints/experiment_02_seed_and_attention_normalisation/normalizers/sceptr_sparsemax/alpha/S03/fold_3.pt,3505,6f79d03bb88c0c3020ad06527cfdde3bc6c79f5e4158a4868a71cfc297333703,experiment_02_seed_and_attention_normalisation
sceptr_sparsemax,alpha,S03,4,artifacts/checkpoints/experiment_02_seed_and_attention_normalisation/normalizers/sceptr_sparsemax/alpha/S03/fold_4.pt,3505,98153ac86be689738b7d887038d6eb43c688528345b81120179ea6c798842597,experiment_02_seed_and_attention_normalisation
sceptr_sparsemax,alpha,S04,0,artifacts/checkpoints/experiment_02_seed_and_attention_normalisation/normalizers/sceptr_sparsemax/alpha/S04/fold_0.pt,3569,6ad2edd13c492fce19bcb8ed9f1972f3dc3c61280d6f9ea1413f10c98b5eec7f,experiment_02_seed_and_attention_normalisation
sceptr_sparsemax,alpha,S04,1,artifacts/checkpoints/experiment_02_seed_and_attention_normalisation/normalizers/sceptr_sparsemax/alpha/S04/fold_1.pt,3569,8cac11ac419818ad91a1f29230e9f03b8f7010fc53d59f4fcc8f494e343f2038,experiment_02_seed_and_attention_normalisation
sceptr_sparsemax,alpha,S04,2,artifacts/checkpoints/experiment_02_seed_and_attention_normalisation/normalizers/sceptr_sparsemax/alpha/S04/fold_2.pt,3569,a5088a19e9b08fb90054625bf6595955b0ca68e38eefa18ba92e185093e8c267,experiment_02_seed_and_attention_normalisation
sceptr_sparsemax,alpha,S04,3,artifacts/checkpoints/experiment_02_seed_and_attention_normalisation/normalizers/sceptr_sparsemax/alpha/S04/fold_3.pt,3569,d9a294cdfcda49e1d21342ad8ee9d4cd22dc8546d9ce91d960ff897107b8a2d8,experiment_02_seed_and_attention_normalisation
sceptr_sparsemax,alpha,S04,4,artifacts/checkpoints/experiment_02_seed_and_attention_normalisation/normalizers/sceptr_sparsemax/alpha/S04/fold_4.pt,3569,42665f06940295cc60245fda750b195fad3bb0e139edba627e60dcad2a764552,experiment_02_seed_and_attention_normalisation
sceptr_sparsemax,alpha,S05,0,artifacts/checkpoints/experiment_02_seed_and_attention_normalisation/normalizers/sceptr_sparsemax/alpha/S05/fold_0.pt,3569,bb6a211e74751c8e2fc1684f34314e4ac4da8c68b1da5dcf166ae570927b0b4f,experiment_02_seed_and_attention_normalisation
sceptr_sparsemax,alpha,S05,1,artifacts/checkpoints/experiment_02_seed_and_attention_normalisation/normalizers/sceptr_sparsemax/alpha/S05/fold_1.pt,3569,22babbb262d4216d2778195eff1acca559b4063d186d92723f12002fa24d4e72,experiment_02_seed_and_attention_normalisation
sceptr_sparsemax,alpha,S05,2,artifacts/checkpoints/experiment_02_seed_and_attention_normalisation/normalizers/sceptr_sparsemax/alpha/S05/fold_2.pt,3569,15b17f6ca46d77b994eb98795b06aa3645d85a9aaf12418a258428e5e7032e6d,experiment_02_seed_and_attention_normalisation
sceptr_sparsemax,alpha,S05,3,artifacts/checkpoints/experiment_02_seed_and_attention_normalisation/normalizers/sceptr_sparsemax/alpha/S05/fold_3.pt,3569,157a5d23996b83512dd83034b0834392f60fc4c19dce67c5470c54425b2dbaee,experiment_02_seed_and_attention_normalisation
sceptr_sparsemax,alpha,S05,4,artifacts/checkpoints/experiment_02_seed_and_attention_normalisation/normalizers/sceptr_sparsemax/alpha/S05/fold_4.pt,3569,c552bef0487980675b637630145faf5166bb98fcd4b48098843de266b6fff421,experiment_02_seed_and_attention_normalisation
sceptr_sparsemax,alpha,S06,0,artifacts/checkpoints/experiment_02_seed_and_attention_normalisation/normalizers/sceptr_sparsemax/alpha/S06/fold_0.pt,3569,c412302a305175dbcfdc4b05d50a203d3dc7a5d6e60658ce15272992c0df2648,experiment_02_seed_and_attention_normalisation
sceptr_sparsemax,alpha,S06,1,artifacts/checkpoints/experiment_02_seed_and_attention_normalisation/normalizers/sceptr_sparsemax/alpha/S06/fold_1.pt,3569,1e0f5006e1f85e30df1971e6ed92f1c1d9486b4358bc9ef166e3df94aaa156b6,experiment_02_seed_and_attention_normalisation
sceptr_sparsemax,alpha,S06,2,artifacts/checkpoints/experiment_02_seed_and_attention_normalisation/normalizers/sceptr_sparsemax/alpha/S06/fold_2.pt,3569,e3e4ded65d6599217f9e149b79a7a24764c5c06c3e8f6de9188ee02362cc827b,experiment_02_seed_and_attention_normalisation
sceptr_sparsemax,alpha,S06,3,artifacts/checkpoints/experiment_02_seed_and_attention_normalisation/normalizers/sceptr_sparsemax/alpha/S06/fold_3.pt,3569,a206c1f9547469b6854aeb5feec1bf8ef0a94043b179c2b5e0fc12d9df7c6241,experiment_02_seed_and_attention_normalisation
sceptr_sparsemax,alpha,S06,4,artifacts/checkpoints/experiment_02_seed_and_attention_normalisation/normalizers/sceptr_sparsemax/alpha/S06/fold_4.pt,3569,607326a874675296c284fa69157369895ad81e8ac1467f36c49087b94905b007,experiment_02_seed_and_attention_normalisation
sceptr_sparsemax,alpha,S07,0,artifacts/checkpoints/experiment_02_seed_and_attention_normalisation/normalizers/sceptr_sparsemax/alpha/S07/fold_0.pt,3569,593905e281f55f65f756d3221a6ab951373b5c152e82a52fcb5e8cb27ac7cee1,experiment_02_seed_and_attention_normalisation
sceptr_sparsemax,alpha,S07,1,artifacts/checkpoints/experiment_02_seed_and_attention_normalisation/normalizers/sceptr_sparsemax/alpha/S07/fold_1.pt,3569,ef0454ecff84818477b98df64c6d02e6c2048bdb4786001201a21dd5f80ca001,experiment_02_seed_and_attention_normalisation
sceptr_sparsemax,alpha,S07,2,artifacts/checkpoints/experiment_02_seed_and_attention_normalisation/normalizers/sceptr_sparsemax/alpha/S07/fold_2.pt,3569,31453553a049b6ea3220fea0356d12cca62fc3f501e95ed47299dce16a889f5d,experiment_02_seed_and_attention_normalisation
sceptr_sparsemax,alpha,S07,3,artifacts/checkpoints/experiment_02_seed_and_attention_normalisation/normalizers/sceptr_sparsemax/alpha/S07/fold_3.pt,3569,cc82b32f701d4502c73f9cfe6f506f893657c92cbcd83f5039e1aaa350eb9ce1,experiment_02_seed_and_attention_normalisation
sceptr_sparsemax,alpha,S07,4,artifacts/checkpoints/experiment_02_seed_and_attention_normalisation/normalizers/sceptr_sparsemax/alpha/S07/fold_4.pt,3569,30e0c8f638c06a45e0ea36bee27968ee02a541a2f15bba672c1b5f76d034e2de,experiment_02_seed_and_attention_normalisation
sceptr_sparsemax,alpha,S08,0,artifacts/checkpoints/experiment_02_seed_and_attention_normalisation/normalizers/sceptr_sparsemax/alpha/S08/fold_0.pt,3569,0c0c209fdc4e2fe079085ab1296fcd04dacf2e60965095dc20b25392ab376438,experiment_02_seed_and_attention_normalisation
sceptr_sparsemax,alpha,S08,1,artifacts/checkpoints/experiment_02_seed_and_attention_normalisation/normalizers/sceptr_sparsemax/alpha/S08/fold_1.pt,3569,357c0a0b8d26f2bb0b6837900f7f5e1734a7a1a1dca9cde389525b3cd49ede9b,experiment_02_seed_and_attention_normalisation
sceptr_sparsemax,alpha,S08,2,artifacts/checkpoints/experiment_02_seed_and_attention_normalisation/normalizers/sceptr_sparsemax/alpha/S08/fold_2.pt,3569,d9c8035284a1ff77bc3e2fbecf9670f42eeed088058f9ce21b137e2c6fa769d7,experiment_02_seed_and_attention_normalisation
sceptr_sparsemax,alpha,S08,3,artifacts/checkpoints/experiment_02_seed_and_attention_normalisation/normalizers/sceptr_sparsemax/alpha/S08/fold_3.pt,3569,78061ca5284301f8c9a3f7fd5f43dcf6f6367bb7159e4bb6f626c53ba7d0f0db,experiment_02_seed_and_attention_normalisation
sceptr_sparsemax,alpha,S08,4,artifacts/checkpoints/experiment_02_seed_and_attention_normalisation/normalizers/sceptr_sparsemax/alpha/S08/fold_4.pt,3569,561a8fe2c87a3be0a13914853d8580e978a441629edaeda2237e6a9ed64fe3e1,experiment_02_seed_and_attention_normalisation
sceptr_sparsemax,alpha,S09,0,artifacts/checkpoints/experiment_02_seed_and_attention_normalisation/normalizers/sceptr_sparsemax/alpha/S09/fold_0.pt,3569,ea00bd1b6633f4ecda3e28c0b8e1d2c72d53ef633e7627696ba1d0889df00ba6,experiment_02_seed_and_attention_normalisation
sceptr_sparsemax,alpha,S09,1,artifacts/checkpoints/experiment_02_seed_and_attention_normalisation/normalizers/sceptr_sparsemax/alpha/S09/fold_1.pt,3569,96ed66dde7d0644062601d8f5b9c2fb15d69be929762430511de2bb1f5b6e59a,experiment_02_seed_and_attention_normalisation
sceptr_sparsemax,alpha,S09,2,artifacts/checkpoints/experiment_02_seed_and_attention_normalisation/normalizers/sceptr_sparsemax/alpha/S09/fold_2.pt,3569,1419838f63a2ed521165a69b19160d0a2327f02b1aff47ab65d24bcf23af0c33,experiment_02_seed_and_attention_normalisation
sceptr_sparsemax,alpha,S09,3,artifacts/checkpoints/experiment_02_seed_and_attention_normalisation/normalizers/sceptr_sparsemax/alpha/S09/fold_3.pt,3569,4a13de2b18ef8147b50a1655ad1a5a8047d5b93a54e927ddf95f2c99a987b73c,experiment_02_seed_and_attention_normalisation
sceptr_sparsemax,alpha,S09,4,artifacts/checkpoints/experiment_02_seed_and_attention_normalisation/normalizers/sceptr_sparsemax/alpha/S09/fold_4.pt,3569,2616d8b7b73466f8d966670100bfec9279772344543f8bf410258a35a4b30c90,experiment_02_seed_and_attention_normalisation
sceptr_sparsemax,beta,S01,0,artifacts/checkpoints/experiment_02_seed_and_attention_normalisation/normalizers/sceptr_sparsemax/beta/S01/fold_0.pt,3505,a855d14f658ca74719a4f5976897c25fa75beec4f2a9c0bf6703ae1bb4cb6d77,experiment_02_seed_and_attention_normalisation
sceptr_sparsemax,beta,S01,1,artifacts/checkpoints/experiment_02_seed_and_attention_normalisation/normalizers/sceptr_sparsemax/beta/S01/fold_1.pt,3505,e25265cd4f2cfc6672854ae2356df09bed036b6a17aae2b8ac4214579bcf16b4,experiment_02_seed_and_attention_normalisation
sceptr_sparsemax,beta,S01,2,artifacts/checkpoints/experiment_02_seed_and_attention_normalisation/normalizers/sceptr_sparsemax/beta/S01/fold_2.pt,3505,08eb3319e0aeedfc082cd63eec42bba8fa8e331a53bf93eafb8373190b183c3f,experiment_02_seed_and_attention_normalisation
sceptr_sparsemax,beta,S01,3,artifacts/checkpoints/experiment_02_seed_and_attention_normalisation/normalizers/sceptr_sparsemax/beta/S01/fold_3.pt,3505,653c09f260c785d24efcfdd2c830b1202ab1f9c1e12000abaee3ca70dc550279,experiment_02_seed_and_attention_normalisation
sceptr_sparsemax,beta,S01,4,artifacts/checkpoints/experiment_02_seed_and_attention_normalisation/normalizers/sceptr_sparsemax/beta/S01/fold_4.pt,3505,8f2aadcb296cdc19b769040d3b8aa0ac9bc140b85ee2109390371d25e99a8ba9,experiment_02_seed_and_attention_normalisation
sceptr_sparsemax,beta,S02,0,artifacts/checkpoints/experiment_02_seed_and_attention_normalisation/normalizers/sceptr_sparsemax/beta/S02/fold_0.pt,3505,ea454c5d7595c7026bed4149360a9cce0f53171b72be6255613f0f1d034d2ddc,experiment_02_seed_and_attention_normalisation
sceptr_sparsemax,beta,S02,1,artifacts/checkpoints/experiment_02_seed_and_attention_normalisation/normalizers/sceptr_sparsemax/beta/S02/fold_1.pt,3505,04ca5085c5a95d8d155b734e4cbc611237ca1a0bba2c2f38faa1c6b5d4fbd5e3,experiment_02_seed_and_attention_normalisation
sceptr_sparsemax,beta,S02,2,artifacts/checkpoints/experiment_02_seed_and_attention_normalisation/normalizers/sceptr_sparsemax/beta/S02/fold_2.pt,3505,c1e2d626c8c87dfb5e3d8499faba715dac929c6925a2cd3c0c362542e99d4bc5,experiment_02_seed_and_attention_normalisation
sceptr_sparsemax,beta,S02,3,artifacts/checkpoints/experiment_02_seed_and_attention_normalisation/normalizers/sceptr_sparsemax/beta/S02/fold_3.pt,3505,6bd7b7532cc5daa6749afeaae72271f9e89501467df0140f9e29769c994b8fca,experiment_02_seed_and_attention_normalisation
sceptr_sparsemax,beta,S02,4,artifacts/checkpoints/experiment_02_seed_and_attention_normalisation/normalizers/sceptr_sparsemax/beta/S02/fold_4.pt,3505,60c3726f8aef90b9fac041c672ec75299da70c1156ef4def82d091785c5b4475,experiment_02_seed_and_attention_normalisation
sceptr_sparsemax,beta,S03,0,artifacts/checkpoints/experiment_02_seed_and_attention_normalisation/normalizers/sceptr_sparsemax/beta/S03/fold_0.pt,3505,7504e57d5f7d979b4adb2b35bbfbed32cd001c5f60af5c9eb28eae93e0ec4b42,experiment_02_seed_and_attention_normalisation
sceptr_sparsemax,beta,S03,1,artifacts/checkpoints/experiment_02_seed_and_attention_normalisation/normalizers/sceptr_sparsemax/beta/S03/fold_1.pt,3505,bc66f4474992c141f56bb4e4a006a6eddfb913bdc0f403a81d147d4370ae727e,experiment_02_seed_and_attention_normalisation
sceptr_sparsemax,beta,S03,2,artifacts/checkpoints/experiment_02_seed_and_attention_normalisation/normalizers/sceptr_sparsemax/beta/S03/fold_2.pt,3505,ef3b7cdfd7ba2f39d56266d9cec4e2768b4a56037395a7c242a0af4ce2ab9e93,experiment_02_seed_and_attention_normalisation
sceptr_sparsemax,beta,S03,3,artifacts/checkpoints/experiment_02_seed_and_attention_normalisation/normalizers/sceptr_sparsemax/beta/S03/fold_3.pt,3505,05762f147e721ad00f8734c94265f521b7f42f05f552415451840042e0a86fb2,experiment_02_seed_and_attention_normalisation
sceptr_sparsemax,beta,S03,4,artifacts/checkpoints/experiment_02_seed_and_attention_normalisation/normalizers/sceptr_sparsemax/beta/S03/fold_4.pt,3505,fabb1166b7dea12fde3faa65395c252061acf4e05988cdd88860021123d2a94d,experiment_02_seed_and_attention_normalisation
sceptr_sparsemax,beta,S04,0,artifacts/checkpoints/experiment_02_seed_and_attention_normalisation/normalizers/sceptr_sparsemax/beta/S04/fold_0.pt,3569,e6d13575489b9029c231044f84876fe5b3d7b840d725072e45f33b95e6277786,experiment_02_seed_and_attention_normalisation
sceptr_sparsemax,beta,S04,1,artifacts/checkpoints/experiment_02_seed_and_attention_normalisation/normalizers/sceptr_sparsemax/beta/S04/fold_1.pt,3569,27cc0303c4aefe78c5ade679269e381161e71b2f0acaddef98c9d05e4a432bbc,experiment_02_seed_and_attention_normalisation
sceptr_sparsemax,beta,S04,2,artifacts/checkpoints/experiment_02_seed_and_attention_normalisation/normalizers/sceptr_sparsemax/beta/S04/fold_2.pt,3569,19d04a70f024091eecc0270289e08aabf7e173cb7976bb8979f4b501e54087a7,experiment_02_seed_and_attention_normalisation
sceptr_sparsemax,beta,S04,3,artifacts/checkpoints/experiment_02_seed_and_attention_normalisation/normalizers/sceptr_sparsemax/beta/S04/fold_3.pt,3569,b98654f8bf0880cc4e5a1a8d623ab061d0b0b8756dd6884fb636dd1178d99496,experiment_02_seed_and_attention_normalisation
sceptr_sparsemax,beta,S04,4,artifacts/checkpoints/experiment_02_seed_and_attention_normalisation/normalizers/sceptr_sparsemax/beta/S04/fold_4.pt,3569,742133f391f2f68f93d06b001183fb0b196ca5ee8dd8f7139fa84e7c1841e33c,experiment_02_seed_and_attention_normalisation
sceptr_sparsemax,beta,S05,0,artifacts/checkpoints/experiment_02_seed_and_attention_normalisation/normalizers/sceptr_sparsemax/beta/S05/fold_0.pt,3569,437c960d778a17cd3e5da0f4f520d822a6d71f0b778e17448630596c5fa75c46,experiment_02_seed_and_attention_normalisation
sceptr_sparsemax,beta,S05,1,artifacts/checkpoints/experiment_02_seed_and_attention_normalisation/normalizers/sceptr_sparsemax/beta/S05/fold_1.pt,3569,b6630243c480a40512072fab433513bff37c323c9ea556e4493088dadef647ee,experiment_02_seed_and_attention_normalisation
sceptr_sparsemax,beta,S05,2,artifacts/checkpoints/experiment_02_seed_and_attention_normalisation/normalizers/sceptr_sparsemax/beta/S05/fold_2.pt,3569,b293cc618d5dae78087bab60fe7557bc94780c168a98dc1840e0c81c95ac9d00,experiment_02_seed_and_attention_normalisation
sceptr_sparsemax,beta,S05,3,artifacts/checkpoints/experiment_02_seed_and_attention_normalisation/normalizers/sceptr_sparsemax/beta/S05/fold_3.pt,3569,60219c965890598a2bb4487758617cb8278cd643b2820335c736a85c2765e763,experiment_02_seed_and_attention_normalisation
sceptr_sparsemax,beta,S05,4,artifacts/checkpoints/experiment_02_seed_and_attention_normalisation/normalizers/sceptr_sparsemax/beta/S05/fold_4.pt,3569,da940dbd462d36912a7adf2ec2f010bd29ac4c42a5246529fbc772bd7b0542ea,experiment_02_seed_and_attention_normalisation
sceptr_sparsemax,beta,S06,0,artifacts/checkpoints/experiment_02_seed_and_attention_normalisation/normalizers/sceptr_sparsemax/beta/S06/fold_0.pt,3569,86b238e1c738926605c4d861dd4613784053b7b78107c1209c8d0662066ed3f2,experiment_02_seed_and_attention_normalisation
sceptr_sparsemax,beta,S06,1,artifacts/checkpoints/experiment_02_seed_and_attention_normalisation/normalizers/sceptr_sparsemax/beta/S06/fold_1.pt,3569,9ec4dcfa760320c974af422764c005c0da149ae09537d2f502be36e34e0808cc,experiment_02_seed_and_attention_normalisation
sceptr_sparsemax,beta,S06,2,artifacts/checkpoints/experiment_02_seed_and_attention_normalisation/normalizers/sceptr_sparsemax/beta/S06/fold_2.pt,3569,94caee5de97e338c216535ff3446eec4e45f2e0e8c06eb3f15848175d8d4b678,experiment_02_seed_and_attention_normalisation
sceptr_sparsemax,beta,S06,3,artifacts/checkpoints/experiment_02_seed_and_attention_normalisation/normalizers/sceptr_sparsemax/beta/S06/fold_3.pt,3569,fc2a059488caff670f79936ab1034e20c0be935e823cb140bd1106f39be9b1c9,experiment_02_seed_and_attention_normalisation
sceptr_sparsemax,beta,S06,4,artifacts/checkpoints/experiment_02_seed_and_attention_normalisation/normalizers/sceptr_sparsemax/beta/S06/fold_4.pt,3569,a520bb7f260b08fffa50ef0b89f091fb393542ada7ea47b0f1b295c8970aef43,experiment_02_seed_and_attention_normalisation
sceptr_sparsemax,beta,S07,0,artifacts/checkpoints/experiment_02_seed_and_attention_normalisation/normalizers/sceptr_sparsemax/beta/S07/fold_0.pt,3569,a852f7fd441d14e75c22957dd6ecf91e813f01e3b5d60767998ea9cd0e850f71,experiment_02_seed_and_attention_normalisation
sceptr_sparsemax,beta,S07,1,artifacts/checkpoints/experiment_02_seed_and_attention_normalisation/normalizers/sceptr_sparsemax/beta/S07/fold_1.pt,3569,82034578bf53257e2676a7c3578da73ea1904f0e167cc8c766940ac0532f3fce,experiment_02_seed_and_attention_normalisation
sceptr_sparsemax,beta,S07,2,artifacts/checkpoints/experiment_02_seed_and_attention_normalisation/normalizers/sceptr_sparsemax/beta/S07/fold_2.pt,3569,3af87f5813a9e40d6e7c06cd857c55ce759af5a40df53d6e717fe8c433f0beff,experiment_02_seed_and_attention_normalisation
sceptr_sparsemax,beta,S07,3,artifacts/checkpoints/experiment_02_seed_and_attention_normalisation/normalizers/sceptr_sparsemax/beta/S07/fold_3.pt,3569,3fab341a88b58c07dc55875c03076490951abedb88fcd9342e0114bcab1d5492,experiment_02_seed_and_attention_normalisation
sceptr_sparsemax,beta,S07,4,artifacts/checkpoints/experiment_02_seed_and_attention_normalisation/normalizers/sceptr_sparsemax/beta/S07/fold_4.pt,3569,1820f6c8162883d534f49f3d951bbc359853f259fcd6bcbe8fc4d7018312da87,experiment_02_seed_and_attention_normalisation
sceptr_sparsemax,beta,S08,0,artifacts/checkpoints/experiment_02_seed_and_attention_normalisation/normalizers/sceptr_sparsemax/beta/S08/fold_0.pt,3569,c8273f19ad64bf4b2fb10145a3ca813486dc0a297e81cd42c434ec9edb616535,experiment_02_seed_and_attention_normalisation
sceptr_sparsemax,beta,S08,1,artifacts/checkpoints/experiment_02_seed_and_attention_normalisation/normalizers/sceptr_sparsemax/beta/S08/fold_1.pt,3569,aa71b1a2f5163b8bb960b06df1a2ebff63533298c05333320e6265cf371cda68,experiment_02_seed_and_attention_normalisation
sceptr_sparsemax,beta,S08,2,artifacts/checkpoints/experiment_02_seed_and_attention_normalisation/normalizers/sceptr_sparsemax/beta/S08/fold_2.pt,3569,a2e10f3a8014404198f60c7c66bd111e39b893de4f9be4d13df5b38e78bd33f8,experiment_02_seed_and_attention_normalisation
sceptr_sparsemax,beta,S08,3,artifacts/checkpoints/experiment_02_seed_and_attention_normalisation/normalizers/sceptr_sparsemax/beta/S08/fold_3.pt,3569,beb4a8d8ce74f873568e4d1a7cdccbbc382b4569a91719c57eac7e8fe9b49773,experiment_02_seed_and_attention_normalisation
sceptr_sparsemax,beta,S08,4,artifacts/checkpoints/experiment_02_seed_and_attention_normalisation/normalizers/sceptr_sparsemax/beta/S08/fold_4.pt,3569,779016bfeee25c3c485d2becdafc99e918c6e1dd3350407d448cc3c74a8bdfb5,experiment_02_seed_and_attention_normalisation
sceptr_sparsemax,beta,S09,0,artifacts/checkpoints/experiment_02_seed_and_attention_normalisation/normalizers/sceptr_sparsemax/beta/S09/fold_0.pt,3569,5dc37b3bc295ba08c4fea3637c5579833a044a2d3df3b777edf753f5741a344a,experiment_02_seed_and_attention_normalisation
sceptr_sparsemax,beta,S09,1,artifacts/checkpoints/experiment_02_seed_and_attention_normalisation/normalizers/sceptr_sparsemax/beta/S09/fold_1.pt,3569,bb74197bc951a80827553d32f8c08e55a806dbadf7132ea31c7a7360ae0673cf,experiment_02_seed_and_attention_normalisation
sceptr_sparsemax,beta,S09,2,artifacts/checkpoints/experiment_02_seed_and_attention_normalisation/normalizers/sceptr_sparsemax/beta/S09/fold_2.pt,3569,27e50a9679bd52c3d91f900f226a04a3d2e44561206f0f5e8fff2f42234d571e,experiment_02_seed_and_attention_normalisation
sceptr_sparsemax,beta,S09,3,artifacts/checkpoints/experiment_02_seed_and_attention_normalisation/normalizers/sceptr_sparsemax/beta/S09/fold_3.pt,3569,0cc9fb0284bd51a2eba859e99bd1f08a1714c310efb28808a4ede7436dd71ab4,experiment_02_seed_and_attention_normalisation
sceptr_sparsemax,beta,S09,4,artifacts/checkpoints/experiment_02_seed_and_attention_normalisation/normalizers/sceptr_sparsemax/beta/S09/fold_4.pt,3569,2697924300754c3623165d684e528cb0bb6a72cc183ddc5037f845ffa6b0e8be,experiment_02_seed_and_attention_normalisation
